protein_accession	serotype_x	taxid	kingdom	phylum	class	order	family	genus	species	seq	serotype_y	pubmed	WzyE	CPS	CSDB_record_ID_x	csdb_image_path	alphafold_bool	alphafold_path	seed	CSDB_record_ID_y	CSDB_Linear	glycoct	CSDB_nonpersistent_article_ID	doi	pmid	NCBI_TaxID
EGR73751.1	O104	1040638		Proteobacteria	Gammaproteobacteria	Enterobacterales	Enterobacteriaceae	Escherichia	Escherichia coli	MTSYFIYNFYVLFAIIFAYVHERINLFTSRGVKFLSIGCVFCSLFLLSALRFDVGPDYETYVYIYKNIVAGRIDITYDKYFFGYLSTLFSSLDRGYVLVFAVYSFLTLFFVFKVILERKIFLWGIIVFCFVGFYLDSLDRIRQVLAVAIFLYSIKFIEKKEPLRYFIAIIIASFFHLSALMLMPVYFYNRFKFEPLTLIIGLFGLLVLYLSGFTTEIQALIYNNIPYYNEIYGNSQFAHLQGGFGTGLGFVFHIFLIMFSIYNLKDNYILRNLLFTAGLLMIIAPGNLNIMRFGQYFYISLIIALPLAIKSLKKEYSYNLLYKCLFFCLLFIFFQSQQSRNNYSYQSIFQIALTPNYLLHDHRIEQLSITNLYEKYTIY							False		False	1843	-4)aDGalp(1-4)[Ac(1-9),Ac(1-7),Ac(1-5)]aXNeup(2-3)bDGalp(1-3)[Ac(1-2)]bDGalpN(1-	"RES
1r:r1
REP
REP1:6o(4+1)2d=-1--1
RES
2b:b-dgal-HEX-1:5
3s:n-acetyl
4b:b-dgal-HEX-1:5
5b:a-dgro-dgal-NON-2:6|1:a|2:keto|3:d
6b:a-dgal-HEX-1:5
7s:n-acetyl
8s:acetyl
9s:acetyl
LIN
1:2d(2+1)3n
2:2o(3+1)4d
3:4o(3+2)5d
4:5o(4+1)6d
5:5d(5+1)7n
6:5o(7+1)8n
7:5o(9+1)9n"	5471	10.1093/femsre/fuz028	31778182	(2072453)
EMW96721.1	063:NM	1116001		Proteobacteria	Gammaproteobacteria	Enterobacterales	Enterobacteriaceae	Escherichia	Escherichia coli	MTLYSISFLFPIYFFRNRRKDLVSKYIYGFFSSINTSHYVTRIFILLYFIILIPLIYVKGFSLFTSTNRFEDNSGIGGLARFYDIIWLFVAGSFILYYKRILLYGGTIRKTILFFPFLAFFILNMLVIGSKSELVQYVLFYYLIISAYGYKFKLSIAKLTILGGLSLCFALIVLFFNFKMEGDGDFSNIINESFLRLSDRIMSNGDMYYLGLPHNVIEKIKTNNVLIDFFAPILSSKLISYLAGYDVYTYDIGKQILLFHYPFYDIAGGPVEHFDLFGYKHFGIIGGIMFSAFLGMGVVILRNLVFLSRGNVFMTIVTCSIYFKMLAVILKPSILFAFMFDFLSVYISVGVISILLVGKRS							False		False							
KDD78543.1	4	1399771		Proteobacteria	Gammaproteobacteria	Pasteurellales	Pasteurellaceae	Glaesserella	Glaesserella parasuis	MNMLAGLILFYVIAISVLVWIIQRDYRQQGFSFHLLFSGIYLITFFGGFPFSMTMAGLFEYRLPAISMLWNILAIALGGYLIYYVSYLYIGRNKQIPRYAVEVKSLADLTAWILMMIAILSLLGFMLLNQGLLLFKLEKYSHIFSAQVSGVALKRFFYFFLPALLIWFFLKPTKESWWLFLVAGMTFGVLSYLAVGGTRANLALAFVMFMLLGYLRRFLSFKWLVRAGLLTVIAMFLLALWRYRLNVQGSEAFYTFLYLTRDTFSPWENVAKIMDAEIEFQGLMPIVRDFYVYIPQSLWEERPDIVWNTANYFTKSVLGNFSGLAMSPTLLGSFYIMGGIPMIAIGMAVVGGLIRIFDNFFAYGKNSAVIQSYCLANLFNLIVLIREGIDAFISRFCFFSVIFVFAYIVAYLINRVREWYE							False		False							
BAT23399.1	K19	1497799		Proteobacteria	Gammaproteobacteria	Enterobacterales	Enterobacteriaceae	Klebsiella	Klebsiella sp. 1754/49	MFMNNNIIRYVIGFSCVFLLSVAAGLRVFGIDRDYYQYVYFYNSISHNDLSNLPNLEIGFFYIAKINALLGGSLNTFFILYAFLAISIKLFGIYKASPSPLLSFLYYLGGFYFLHEMMQIRIGLAGAFIFLSFYYLTNNDKKRFLLFTFIGLLFHYSVLMSLFMIFISGKKKAGILYLILPASALVFSLFNSFLSNILDSILIYFPSFIYAKVSMYIYTQENYGANRALIIYGFGAVFIYVTMFFLWFRLRNAMLDEYYVRLNFLIKSTSLVLTISLFLSFNIELSNRFYSYLGLLCFCLLPAYVINEFKQKIIVILILLIVPLKQFYTSYNELLANEKDAIYNNIRY							False		False							
OZU30810.1	Bergen	260368		Proteobacteria	Gammaproteobacteria	Enterobacterales	Enterobacteriaceae	Salmonella	Salmonella enterica	MIEGYVVYNSTFLLALLFGFMKNYCLRKYFLLCLFLVLWVPLATRYGIGRDYFSYVDIYKNVLVTRDGIEVGFYYLNYLLAYFGFHYQSIFILTSFITVYLSVKSFDREYTIVSIILFGVLVYLQAFSIVRQMLAVALCLYSCSLWNKGIKIKAIVFLMLAPLFHYSAVIIFILAIISRYVKIDTFKCFAMFGLSLIFVFVFNGIDFIFSNPILLNSKYGYYVTSAFNRPTEIGSGIGVAIALFLPFLIFMKASKIYKYNKNYNLMLLINLVYVVSFVLSLKIYIFARFTDALSFVLILLIPAALKISNTRGLYYNCMLSVVILHIMLFEVNLKANTIAAGDMSNSGLGIMPYSNIINAHMLKY							False		False							
AXY99655.1	O32	584		Proteobacteria	Gammaproteobacteria	Enterobacterales	Morganellaceae	Proteus	Proteus mirabilis	MYYSTLFFYITIYILCILINFLLKSNKKLSVFYLSLFLATAFGLRDYVGNDYEQYVNIYNHINIFNDYDKIELGYFYLNKLSYYIFGEQGYYFLFFICSFLTYYFIFSIAYQNNILTTSISLLFFSGFVFFSNNAIRQALVISIFIYNLKNLEKNHYKYLIITILSSTLIHFSALLFLILFLFPKKKNIPTIFLCILIPFIFTLYQFDIVNLIIKKIIIYIPKYGELYYNRVIEFESKEKGSGLVIIFYYMLLIYLIYNRNKIKTQYSNIFIIGYILFLLAPQVEMWERIMIPFYYTNILFIPLIIKNIKKKHSPNKILGYVFIILLSFLFIYQTIENKNKNGISPFNHLFLKQVGIVLE							False		False							
VQJ42306.1	33F	1313		Firmicutes	Bacilli	Lactobacillales	Streptococcaceae	Streptococcus	Streptococcus pneumoniae	MHVRLDGLLDYIFLFSVIITCNTMYSTSQGFDGLGKWATLLLVVSVFLKLLISRISMKAINVIVSRSLIFILIILLIVILNGFKISETSFVYYFVLFPIFMMILQMYYDVNEIANLIRKFVRIIFLLAIGSLLFWLIGSVFHIISPTVYVLNYWNGGGIVEGYYNLHFEAQKIEILGAILIRNTGIFAEAPMWSLVLSLALIFQTLHIKKWNFTTWTLIITIMTTTSTTGVYIIGLIFLYVLFSKTSGVKRYVSSLFILAIICCFSILWDNKSGTGSATIRFDDYKAGFLAWQKSPIWGLGISDGLRTIEQHMDRTVRYNLGYSNSFFVVLAQGGIMLASYYFYPVIKIILNKFSSNDLKFSALLIIFLMITTIFIETYMFSFVISLYYSLDFGDDRDCHEKQYITN							False		False	1965	-3)bDGalp(1-3)[aDGalp(1-2)]aDGalp(1-3)[40%Ac(1-?)]bDGalf(1-3)bDGlcp(1-5)bDGalf(1-	"RES
1r:r1
REP
REP1:7o(3+1)2d=-1--1
RES
2b:b-dgal-HEX-1:4
3b:b-dglc-HEX-1:5
4b:b-dgal-HEX-1:4
5s:acetyl
6b:a-dgal-HEX-1:5
7b:b-dgal-HEX-1:5
8b:a-dgal-HEX-1:5
LIN
1:2o(5+1)3d
2:3o(3+1)4d
3:4o(-1+1)5n
4:4o(3+1)6d
5:6o(3+1)7d
6:6o(2+1)8d"	5472	10.1016/j.carbpol.2019.03.070	31221321	1313
VSB76654.1	19F	1313		Firmicutes	Bacilli	Lactobacillales	Streptococcaceae	Streptococcus	Streptococcus pneumoniae	MSYLFLLCLTLFLLTIFYFFAFIQDLIAPPVVMSVMFLISSVFALVNSKNWNIEYSGIAYILIISGIIIFSIPLMALKSPNFNTEVKIADRLIDIQFWKIALTIIIDLFILYLYRKEIYNLVLSNGYTGSNIQWFFRNATSYEGELTVRTFIRVLIRVIDVSAYIFGYTFINNFLIYRHKRPKDILLLVPLLIFISKTLISGGRQDIIKILIAYVIMMYIQQKRKVGWNRVISHKYIHLGFVGLIAGIPAFYYSLFLAGRSTTRTLFESVSTYLGGSIQHFNQYIENPLDPGEVFGSETLVPILNILGKMGLVNYRSTIHLEFRTLGVTVGNVYTFFRRPLHDFGLVGMYVFVFAVGAFFAIYYLVLRKKQVGFNLDIHTIIYSYVFYWIFLSSIEQYSFTMISLYTLVFIVLVYFMAIFYWCTDFKRGKLIFKISDSSIKLKEE							False		False	739	-4)[Ac(1-2)]bDManpN(1-4)aDGlcp(1-2)aLRhap(1-P-	"RES
1r:r1
REP
REP1:5o(4+1)2n=-1--1
RES
2s:phosphate
3b:a-lman-HEX-1:5|6:d
4b:a-dglc-HEX-1:5
5b:b-dman-HEX-1:5
6s:n-acetyl
LIN
1:2n(1+1)3o
2:3o(2+1)4d
3:4o(4+1)5d
4:5d(2+1)6n"	5439	10.1016/j.carres.2018.12.009	30605786	1313
VLD07009.1	20A	1313		Firmicutes	Bacilli	Lactobacillales	Streptococcaceae	Streptococcus	Streptococcus pneumoniae	MIYIGTMLLSMLIITFIKYFRISKKWKEAVYFWGFIPLILIGALRAYVGIDYTTYSLDQIPAVLAGSQTVKFELLDKLVVYIGYYLANQQHYFYIFAIFHIILMWFLYKYIVQQSSNVMLSVFFLLTTVFFTFSLSGIRQSIATAIVFYALKYIKQKKSLHYIIYLGIACLFHSSAVIYILFLVLGKININRFVGFALPMIASLFSFSGSEFVSRIILHLNFYSEYIGSRYYTGAYDKQHQLFTIVMCLSVFLLYYIVPKKEWVNLKLYLNINFVLLLVAIIMPILPTPSRTIYMFVLVHVILIPKLISVIKDYRSKVIITMFFVLGYFIFFSITVLQRNAYETLPYHIIFEYLW							False		False	7079	-3)[%Ac(1-2)bDGalf(1-4),Ac(1-2)]aDGlcpN(1-P-6)aDGlcp(1-6)bDGlcp(1-3)[%Ac(1-6),%Ac(1-5)]bDGalf(1-3)bDGlcp(1-	"RES
1r:r1
REP
REP1:9o(3+1)2d=-1--1
RES
2b:b-dglc-HEX-1:5
3b:b-dgal-HEX-1:4
4s:acetyl
5s:acetyl
6b:b-dglc-HEX-1:5
7b:a-dglc-HEX-1:5
8s:phosphate
9b:a-dglc-HEX-1:5
10s:n-acetyl
11b:b-dgal-HEX-1:4
12s:acetyl
LIN
1:2o(3+1)3d
2:3o(5+1)4n
3:3o(6+1)5n
4:3o(3+1)6d
5:6o(6+1)7d
6:7o(6+1)8n
7:8n(1+1)9o
8:9d(2+1)10n
9:9o(4+1)11d
10:11o(2+1)12n"	5790	10.1016/B978-0-12-819475-1.00005-5		1313
GEF03964.1	O145	1078034		Proteobacteria	Gammaproteobacteria	Enterobacterales	Enterobacteriaceae	Escherichia	Escherichia coli	MECFFFWLIISSLYYLNAIFSGVDTLKYNEDLTQKIIKYIVCLVISLSILFIYKKFNYFFVLFFFLFLSVASALFSGAVTIYATTMLIIATMISFCLIIPLFSYNMVKVNRVLLWTGVIVGTISVLELTVFYNYMVSYWAATDGIRSISSLLNPTNSGAYSAIIILIALVTNIKSLFKRALFLIMPMITLISSGSRTAWLSLGMTLLLTVVLRDSASIRLRKKIFTLASIGTVCGALYAIFYMGSISGIESQYRGLNTYTASIRVENFLTYLNLVDLNMLLPDFLDKNINLISDNFYLVMFNYAGLIGFFIVLLILLLLIFWNIQFKIFNELMAEDIAIWRVVFIYFLISGLSNSFINSFPVNQLFFISCGYYIYKYKLVKSSIGR							False		False	1886	-4)[Ac(1-5)]aXNeup(2-3)[Am(1-2)]aLFucpN(1-3)[Ac(1-2)]bDGlcpN(1-	"RES
1r:r1
REP
REP1:7o(4+1)2d=-1--1
RES
2b:b-dglc-HEX-1:5
3s:n-acetyl
4b:a-lgal-HEX-1:5|6:d
5s:amino
6n:n1
7b:a-dgro-dgal-NON-2:6|1:a|2:keto|3:d
8s:n-acetyl
LIN
1:2d(2+1)3n
2:2o(3+1)4d
3:4d(2+1)5n
4:4o(2+1)6n
5:4o(3+2)7d
6:7d(5+1)8n
NON
NON1
Parent:4
Linkage:o(2+1)n
SmallMolecule:SMILES [2CH3][1C](=N)O
Description:acetimidic acid"	5471	10.1093/femsre/fuz028	31778182	(1055538)
QEQ70874.1	K52	670		Proteobacteria	Gammaproteobacteria	Vibrionales	Vibrionaceae	Vibrio	Vibrio parahaemolyticus	MILNEDTLKKVTLALSIFFLSLENHNNTRLIIVLFVLFIYFIIHPKSYLNKNVLKVLFYISFLIMTVSVFSHYEWLSYVSNMNNYGSIDFFGIMIFKLILIAICFYVSGLDSKVLADSLKVVIAIHVSVFFFQLIVVYSTGYYIDLLQPFTGEASRYTWGVRLPIIGNTYRPTGFYNEPSTYSAFVICLFILRYHITNKIDKLDKTLLASLLLSLSFASIFCAFFLMYFIRNNKENYKLKFLLATTVVVTLIPFVIDLLVLRTSGNYDAIGMRLGLFDVIFNQSMLDIFFGSGPVGVPREIEYLVNNPGASWARQGLPALNDNGLGTFILMKFGVIGLILLLGILKFNLKSNRHFLCSLVILITKLKYTSFIFLIYIFYVFVRKNMKHSHSV							False		False							
AAL82786.1	6A	1313		Firmicutes	Bacilli	Lactobacillales	Streptococcaceae	Streptococcus	Streptococcus pneumoniae	MLLNFLFISIFLLIIITFILFEGDFFQPAVILTIAYFISIASALVNRNVWGTELHFKTFYLILLGVATFVIVSLLTKLSYRPKVEGISHEELKEINPSKIIYVILLTLNLVMLFLYIREIQKVVLFSGRSFSNITDLISNYRYLSYYSNEVENRVSGMINQLSKIIPATTLISLYIFMNNYFITKQIKKNFIYLIPIAIFFVYAIISGGRLPLIRVVVGSLLILYIYSVYGSPKSQLTKSFKMITRSLFTFLILIVLFFLLKFVLGRSSQEDFISYITRYMGGSIQLFDLFVIDPIRRNKELGAETFSGIYEMLAKLGFDNNIIKGLEWRVSPNYYSLGNVYTAIRRYYSDFGVIGIVICQSFTAWLYTLGYEKVRHYSLVTNVQRFRLILLAASFYPIFLNGIEDVFYISMVTIGYGIQIVIFYLVFWVLLKVQVDFNKGKLTINR							False		False	1087	-3)aLRhap(1-3)xDRib-ol(5-P-2)aDGalp(1-3)aDGlcp(1-	"RES
1r:r1
REP
REP1:6o(3+1)2d=-1--1
RES
2b:a-dglc-HEX-1:5
3b:a-dgal-HEX-1:5
4s:phosphate
5b:o-drib-PEN-0:0|1:aldi
6b:a-lman-HEX-1:5|6:d
LIN
1:2o(3+1)3d
2:3o(2+1)4n
3:4n(1+5)5o
4:5o(3+1)6d"	5485	10.1128/microbiolspec.GPP3-0019-2018	30977464	1313
EHC43611.1	Give	913072		Proteobacteria	Gammaproteobacteria	Enterobacterales	Enterobacteriaceae	Salmonella	Salmonella enterica	MQFSGLLVVWLLSTLFIATLTWFEFRRVRFNFNVFFSLLFLLTFFFGFPLTSVLVFRFDVGVAPPEILLQALLSAACFYGVYYVTYKTRLRKRVVDVPRKPLFTMNRVETHLTWVILMGIALVSVAIFFMHNGFLLFRLHSYSQIFSSEVSGVALKRFFYFFIPAMLVVYFLRQDSKAWLFFLVSTVAFGLLTYMIVGGTRANIIIAFAIFLFIGIIRGWISLWMLAAAGVLGIVGMFWLALKRYGLNVSGDEAFYTFLYLTRDTFSPWENLALLLQNYHNIDFQGLAPIVRDFYVFIPTWLWPGRPSIVLNSANYFTWEVLNNHSGLAISRYRQRLSDRWAISPTLIGSLVVMGGALFIPLGAIVVGLIIKWFDWLYELGNREPNRYKAAILHSFCFGAIFNMIVLAREGLDSFVSRVVFFLVVFGASLLVAKLLFWLFDSAGLIHKRTTSLPQAQVEGKL							False		False							
CNU37074.1	Bovismorbificans	58097		Proteobacteria	Gammaproteobacteria	Enterobacterales	Enterobacteriaceae	Salmonella	Salmonella enterica	MLPFPPGAILRDVLNVFFVALVLVRFVIDRKKTYFPLVFTIFSWSAVILWVIALTIFSPDKIQAIMGGRSYILFPAVFIALVILKVSYPQSLNIEKIVCYIIFLMFMVATISIIDVLMNGEFIKLLGYDEHYAGEQLNLINSYDGMVRATGGFSDALNFGYMLTLGVLLCMECFSQGYKRLLMLIISFVLFIAICMSLTRGAILVAALIYALYIISNRKMLFCGITLFVIIIPVLAISTNIFDNYTEILIGRFTDSSQASRGSTQGRIDMAINSLNFLSEHPSGIGLGTQGSGNMLSVKDNRLNTDNYFFWIALETGIIGLIINIIYLASQXXXXXXXILQLY							False		False							
BAT24430.1	K81	1497842		Proteobacteria	Gammaproteobacteria	Enterobacterales	Enterobacteriaceae	Klebsiella	Klebsiella sp. 370	MVNMVFLISATILLFMTFIESKRLFQLSIIIVGLYYSLTFAYGYDWMNYYDTYLDVQNGYYNSFFIEPGYLILMRLSVFLGMDFPIFNSIVTALMYIMVYSFCIRLKSPNLAFFTIFCFLSFFMFTEQIRQGIALCIILYAMQYIAKEKKILFVVYVIIASFFHISAILTLLYLFMLKSNKASMIKFMILSFTLTSVLLYSLYNPALFSWIPFVGDKISAYAYLFSDKNIGFWTYVFQSKLIYLYFLLFVLLYLKRNANAGIFSGVGAVFFLFLSRLSSFLVRIGYYFVPFLIISVDGFMSQSGKGSKMTLFKFTYVIIVYSIATIPLWNPLYREGASNHLSIFSQQKDINNEIGRKCTILRKYYEDIVITRCL							False		False							
AXY99336.1	O2	585		Proteobacteria	Gammaproteobacteria	Enterobacterales	Morganellaceae	Proteus	Proteus vulgaris	MNILYLSLILLVISTLELFNKKNIFYFFIATILIYFHIGLSYKLGVDWIEYYSLYENISNYENYEIGFSWLSKFFSYININFWVFVFAIKFIFLTSLFVLIKKYCLYPTTAITFILIFLFPFINDPLRQLIATSILFLGILMNKSKISYKNIIFGFLFHSSYVLIFFIKLQFIKRKQLVKISILFVFLSLLLIHNFHYLLLLGDNFIIKKIYFYLTYAVQPNIYSLFIRIIFLYFVCFNKHVNLINKKILTNSVYINFWMLSFLLLLVELLAFQFPLLSQRLRIYLSPFPFILFLNYIYFLKDIIFKSTLLLIVFLYLYATLFSFMSGPMGSFYSLENNIVIQFLLDFPPNDIEENIRNFWLTN							False		False	3058	lR3HOMyr(1-2)[lR3HOMyr(1-2)[aXKdop(2-4)[bLArap4N(1-8),aXLDmanHepp(1-2)aXDDmanHepp(1-2)[bDGalp(1-4)[Ac(1-2)]xDGalaN(1-4:1-6)aDGalpN(1-4)]aDGalpA(1-3)[aXLDmanHepp(1-7),xXEtN(1-P-6)]aXLDmanHepp(1-3)[bDGlcp(1-4)]aXLDmanHepp(1-5)]aXKdop(2-6),%bLArap4N(1-P-4)]bDGlcpN(1-6),%bLArap4N(1-P-1)]aDGlcpN // xDGalaN = S-D-GalN (open chain)	"RES
1b:a-dglc-HEX-1:5
2s:amino
3n:n1
4s:phosphate
5b:b-dglc-HEX-1:5
6s:amino
7n:n2
8s:phosphate
9b:b-lara-PEN-1:5
10b:a-dman-OCT-2:6|1:a|2:keto|3:d
11b:a-dman-OCT-2:6|1:a|2:keto|3:d
12s:amino
13b:b-lara-PEN-1:5
14b:b-lara-PEN-1:5
15b:a-lgro-dman-HEP-1:5
16b:b-dglc-HEX-1:5
17s:amino
18s:amino
19b:a-lgro-dman-HEP-1:5
20b:a-lgro-dman-HEP-1:5
21s:phospho-ethanolamine
22b:a-dgal-HEX-1:5|6:a
23b:a-dgro-dman-HEP-1:5
24b:a-dgal-HEX-1:5
25b:a-lgro-dman-HEP-1:5
26s:amino
27b:o-dgal-HEX-0:0
28b:b-dgal-HEX-1:5
29s:n-acetyl
LIN
1:1d(2+1)2n
2:1o(2+1)3n
3:1o(1+1)4n
4:1o(6+1)5d
5:5d(2+1)6n
6:5o(2+1)7n
7:5o(4+1)8n
8:4n(1+1)9o
9:5o(6+2)10d
10:10o(4+2)11d
11:9d(4+1)12n
12:8n(1+1)13o
13:10o(8+1)14d
14:10o(5+1)15d
15:15o(4+1)16d
16:13d(4+1)17n
17:14d(4+1)18n
18:15o(3+1)19d
19:19o(7+1)20d
20:19o(6+1)21n
21:19o(3+1)22d
22:22o(2+1)23d
23:22o(4+1)24d
24:23o(2+1)25d
25:24d(2+1)26n
26:24o(4+1)27d
27:24o(6+1)27d
28:27o(4+1)28d
29:27d(2+1)29n
NON
NON1
Parent:1
Linkage:o(2+1)n
SmallMolecule:SMILES [14CH3][13CH2][12CH2][11CH2][10CH2][9CH2][8CH2][7CH2][6CH2][5CH2][4CH2][3C@@H](O)[2CH2][1C](=O)O
Description:(R)-3-hydroxy-tetradecanoic acid
NON2
Parent:5
Linkage:o(2+1)n
SmallMolecule:SMILES [14CH3][13CH2][12CH2][11CH2][10CH2][9CH2][8CH2][7CH2][6CH2][5CH2][4CH2][3C@@H](O)[2CH2][1C](=O)O
Description:(R)-3-hydroxy-tetradecanoic acid"	891	10.1016/S0008-6215(03)00383-5		585
AXY99682.1	O34	585		Proteobacteria	Gammaproteobacteria	Enterobacterales	Morganellaceae	Proteus	Proteus vulgaris	MIKINKLASLFLYLLLPMIGFLLSLLSIRRRNNFLYLNSFYISIFIFIIFIYIPPLGDLYRHYQLFEHIDFNNPKIYKLDFLFYFNLIIFKNLCIPFFILPALYTSISVYLYLKSFEILYNNYSKNHVKITTLIIYVLIILLNISLFTTASGLRFGLSTALVIFAYSLIISKNKNLVPLIILLFASFMHFSSYLFIIIYFFSKIKLNKLTFIALSSIAIIMSQIIVFLFEYLVQILNYGHSYVLGKWADSSGKNIAGQIKIILNQLPFFLFLFLFIINKNKFKNINIIYWAVIIALLTKFSFTLFLRFSVVPTFIMLYMLLIAYKEKLIIYIILLFSIIYFLSDSIYGYRRQILLGNMWEALYKPPILKMINIDKDYDFMLNQINKDGLWINNPVES							False		False	20104	-6)[bDGlcp(1-2)]bDGalp(1-3)[Ac(1-2)]bDGalpN(1-4)[Ac(1-2)]aDGalpN(1-P-	"RES
1r:r1
REP
REP1:7o(6+1)2n=-1--1
RES
2s:phosphate
3b:a-dgal-HEX-1:5
4s:n-acetyl
5b:b-dgal-HEX-1:5
6s:n-acetyl
7b:b-dgal-HEX-1:5
8b:b-dglc-HEX-1:5
LIN
1:2n(1+1)3o
2:3d(2+1)4n
3:3o(4+1)5d
4:5d(2+1)6n
5:5o(3+1)7d
6:7o(2+1)8d"	3255		16736109	585
VSN79485.1	15A	1313		Firmicutes	Bacilli	Lactobacillales	Streptococcaceae	Streptococcus	Streptococcus pneumoniae	MTKYINSCIKLLFIYSLFSELLYSYYSVSLLFTIPDLLLLAAAVIVFVDSYSAGKIRVKNPHISLMLFFILLIFLLISFTWGTLNIYGFVMRGRYILGAFLVYFMTNSYLDDRTFSSLINIAYFMQLLNLLLVLHQNIVLHLHPDFTNGIFGFTNYANGIQGFYCLALSVLSTVYYLYGKWGTMKSLILIAISCIICALAEIKIFFVIFIFSIILIFIFQKSETVKKIRIISTAAGISLLFLIAYKLIEIVLPDNLYTFFNVTKALSYENRTEFAGRTNTISFLWDNLFYHDYISAIFGKGLGSYSVNYIYELGKMLADGGFISVILLYSFLLSLFIRGTITRGKNKQSERLIVSIIAFVVMISIIVWNSTFTRSTYLVFFFLAIGNAAYKSTKLIRRD							False		False	2973	-3)aDGalp(1-2)[x?Gro(2-P-3)]bDGalp(1-4)[Ac(1-2)]bDGlcpN(1-3)bDGalp(1-4)bDGlcp(1-	"RES
1r:r1
REP
REP1:7o(3+1)2d=-1--1
RES
2b:b-dglc-HEX-1:5
3b:b-dgal-HEX-1:5
4b:b-dglc-HEX-1:5
5s:n-acetyl
6b:b-dgal-HEX-1:5
7b:a-dgal-HEX-1:5
8s:phosphate
9b:o-xgro-TRI-0:0|1:aldi
LIN
1:2o(4+1)3d
2:3o(3+1)4d
3:4d(2+1)5n
4:4o(4+1)6d
5:6o(2+1)7d
6:6o(3+1)8n
7:8n(1+2)9o"	882		9562629	1313
VQM63531.1	18A	1313		Firmicutes	Bacilli	Lactobacillales	Streptococcaceae	Streptococcus	Streptococcus pneumoniae	MKFKFNPIAILYILLVYLELATDRQHLYPVTYMTKYYIGILITVLFVLLLVGRGKVIFVNKKLLYLAKILAIPTIVLFLYSVLLDVMNPVEFNGYFSRLSSTTIFGLLAIFQAIVVFQFFGQKVVDYTFTAISLSYLTSIIVAFRQGGLSQFILMLTDDSFNGSVLEMHEVAPITALFILYYLYKYFIKENSFSLVFRNILIALIILFLSLKRIVFLSVLIIIPVFLIIYWYDKKVSKLGKERKILSLLNSFSLIFITGIFLYVYSLKSGFIYTFIQEHNINSMARTDLWKGIESTYSFAPIFMGRGIGFVTKWMDNNWMTLNINGLTESTGLHNDILKYYIEIGFVGLFIYFYTLLYRNAKRIFVKIGHKESFIYFVLIMFQMLIWFTDNISTYHNFLWILNLLLFSLTNTDAELETQKL							False		False	7074	-4)bDGlcp(1-4)[xDGro(1-P-3),aDGlcp(1-2)]bDGalp(1-4)[Ac(1-2)]aDGlcpN(1-3)bLRhap(1-	"RES
1r:r1
REP
REP1:6o(4+1)2d=-1--1
RES
2b:b-lman-HEX-1:5|6:d
3b:a-dglc-HEX-1:5
4s:n-acetyl
5b:b-dgal-HEX-1:5
6b:b-dglc-HEX-1:5
7b:a-dglc-HEX-1:5
8s:phosphate
9b:o-dgro-TRI-0:0|1:aldi
LIN
1:2o(3+1)3d
2:3d(2+1)4n
3:3o(4+1)5d
4:5o(4+1)6d
5:5o(2+1)7d
6:5o(3+1)8n
7:8n(1+1)9o"	5790	10.1016/B978-0-12-819475-1.00005-5		1313
CAB3270026.1	Typhimurium	90371		Proteobacteria	Gammaproteobacteria	Enterobacterales	Enterobacteriaceae	Salmonella	Salmonella enterica	MSLMQFSGLLVVWLLSTLFIATLTWFEFRRVRFNFNVFFSLLFLLTFFFGFPLTSVLVFRFDVGVAPPEILLQALLSAACFYGVYYVTYKTRLRKRVVDVPRKPLFTMNRVETHLTWVILMGIALVSVAIFFMHNGFLLFRLHSYSQIFSSEVSGVALKRFFYFFIPAMLVVYFLRQDSKAWLFFLVSTVAFGLLTYMIVGGTRANIIIAFAIFLFIGIIRGWISLWMLAAAGVLGIVGMFWLALKRYGLNVSGDEAFYTFLYLTRDTFSPWENLALLLQNYHNIEFQGLAPIVRDFYVFIPTWLWPGRPSIVLNSANYFTWEVLNNHSGLAISPTLIGSLVVMGGALFIPLGAIVVGLIIKWFDWLYELGNREPNRYKAAILHSFCFGAIFNMIVLAREGLDSFVSRVVFFLVVFGRQPAGR							False		False	911	Ac(1-2)aDGlcpN(1-2)aDGlcp(1-2)aDGalp(1-3)[aDGalp(1-6)]aDGlcp(1-3)aXLDmanHepp	"RES
1b:a-lgro-dman-HEP-1:5
2b:a-dglc-HEX-1:5
3b:a-dgal-HEX-1:5
4b:a-dgal-HEX-1:5
5b:a-dglc-HEX-1:5
6b:a-dglc-HEX-1:5
7s:n-acetyl
LIN
1:1o(3+1)2d
2:2o(6+1)3d
3:2o(3+1)4d
4:4o(2+1)5d
5:5o(2+1)6d
6:6d(2+1)7n"	716		12453217	90371
QOS24736.1	O3	670		Proteobacteria	Gammaproteobacteria	Vibrionales	Vibrionaceae	Vibrio	Vibrio parahaemolyticus	MTVYIIICSFLAFFCFVEVFFNKQLREIRVLFYFYFVIFLILFSGLRSLGVGTDDFTYYDKFLEVPSIIHWIDGDFTYSFAKVWMEPAYIFIGAISKSISLHPAALFLPVAFLSITIASYYYKKISPYYFMSMMLFFSHTYLYRDINQIRSAIACAIGLGIVWAIYHRKKLASVVLIVVSTCFHMVGLTYFVALTFEKISHVRKLHLYCLILAIVISLSGFVSIIIGNITFLGVISTKIAGYTSTDRFVNSVGLFDVTNIKNILVFLCCYYFWNALSNRYELFRICFTFFSFGMLWRIAFSELGVLAARVATVFTITEVILIPMLVGIFKQKIIPTIIVIIYAFLMLYINLFLKDGRNPYTMSIGIL							False		False							
ADC84238.1	O25	562		Proteobacteria	Gammaproteobacteria	Enterobacterales	Enterobacteriaceae	Escherichia	Escherichia coli	MSIRIEEPNSTKRIIFLFLLFLVFPDFLFYTLGIDNFSISTIISIILLFVFLRAKNTCKDNLLIIVVLFILLCFNCLLSMLFNIEQVLSFKIVLSMYSILIMAYVSSCYAQTLWLCSEEILKRSVFYLFAFLCLIGIISILLQKTEIIHDKSMILFPEPSAFALVFIPIFSFCLYYTRGGGVLLLYILSLGIALGIQNLTMLVGIVISVFVMKKITIRQTIVIFLGAWIFSMILSDLDISYYTSRLDFKNTTNLSVLVYLSGIERAFLNFITSYGLGIGFQQMGVNGEVGVYQQILADLDAPMLNIYDGSFISSKLISEFGFIGAIMCIFYLFIFFDFICVSKKIRDIHRSIF							False		False	12694	-4)[bDGlcp(1-6),aLRhap(1-3)]aDGlcp(1-3)[Ac(1-2)]aLFucpN(1-3)[Ac(1-2)]bDGlcpN(1-	"RES
1r:r1
REP
REP1:6o(4+1)2d=-1--1
RES
2b:b-dglc-HEX-1:5
3s:n-acetyl
4b:a-lgal-HEX-1:5|6:d
5s:n-acetyl
6b:a-dglc-HEX-1:5
7b:a-lman-HEX-1:5|6:d
8b:b-dglc-HEX-1:5
LIN
1:2d(2+1)3n
2:2o(3+1)4d
3:4d(2+1)5n
4:4o(3+1)6d
5:6o(3+1)7d
6:6o(6+1)8d"	5187	10.1093/femsre/fuy011	29547971	(1095709)
AGM38627.1	1	738		Proteobacteria	Gammaproteobacteria	Pasteurellales	Pasteurellaceae	Glaesserella	Glaesserella parasuis	MKLVRTHSHISNLIALFCFFVTFFRISLFHEYIYLSFILGLIGFITFLTNLNKKILFNKKETSLLLLLVFMFIYTIVLDLYQIGEKEFKINSLFSIRIISMIFLSFLPAYLIYKFYLKSNHYLFDTLFKWSLYIQLVFFIIMFLSPDLKIALYNTFALGKVNLYDHNLTVRGFGLSSEINFMTPSLLIYMTFILIEKRILLKLIVVITQVINSNMAIISFICAVLFLGRSKFIFKIFIFILLSSIIMIFNDSLLETLKNFMPRFYYEFIGSNGTRTASILMNTNIFEGRYIDIFTFLFGYQENVASNVGVATITHDSGWIIMFFYGGVVFILLFLLFVFLLSILIFENKLYALLWFNLALIFNSKGMILGMNGYFFLSFLFLFSKRFNKLK							False		False							
AGS58343.1	12	1307		Firmicutes	Bacilli	Lactobacillales	Streptococcaceae	Streptococcus	Streptococcus suis	MTGFNRKIINRKSIRMLVISKKNFMTVAFGAIVVMLYAFFLFFTSSSFEEDFTIKFSILSSLIIFILEIVYINKLNGGVINPITLFLMAFYVFQNGQLLLVALDIPFYDFYISTLKIFLKDVSIFSSLSNVVAGYAGIICVSILQKEKHYVIDQYNPLEVGRVAWLGFLGTSILALPLVAMKFLTSLEGGYYAVRAFEENIPTLVTFLEFMFMPFSLLTIIFRSDKSSQVARYGVFIWLVLTALCGDRTTGISGLLILALVSYNKNSGNIKYNWKDISKISFIGLLLIIFIRVVYAYRTGEDILFALSGGNFLVGFLSELGISVFPLFTMMYIVPGQEAFLWGQGYILSAIGGLIPSFLDITGIVNVINQQSRIFETWHSQYFWQYSFGLGFSLNAEAYINFGWFGLIAIFIVCLIIFSFLRVKNLKEHTSPWELYRISILLFLWFTLPRRDSYYIWKAISYSLIFIRIYIQTTCRRTAFLGKTGSKVELRK							False		False							
EQA12092.1	2	1275973		Proteobacteria	Gammaproteobacteria	Pasteurellales	Pasteurellaceae	Glaesserella	Glaesserella parasuis	MSAFINLFYIYDPWLFHFFRMAFFCGGIAMLYLLYQIYRKQRLQGITLPLDSFFAIFILIIVAVIPMLSHGTKEFYAVGMYIKGLILFTCGVAIYNLCYYQKTNAKEMMVRDLKIGIIVQAVVGFTALAGIPFMIDLGISTNAVFPKFYGSEQEYRLYNLTSTVFFQLSLFYAFLLHFLLAYNAKYNNISPIFVFLLLCIGLISGRTFLFISAISFLVYFRWKYIPAILLFGAICLFLAFNVAENKYVQHALEPLINVIHGYGLVSSSTDNLVQNHLYIPELKQILIGDGRYFYPQGGYYGKTDSGFLRQTLYGGFIYLSVCFLFMCYFVRKVAINWFDGSWIFILSTLLILSILNVKADAYAFPGIMLVLLMFLSLFGNEGKNKILFLNNKTENV							False		False							
KDB44663.1	4	1450513		Proteobacteria	Gammaproteobacteria	Pasteurellales	Pasteurellaceae	Glaesserella	Glaesserella parasuis	MNMLAGLILFYVIAISVLVWIIQRDYRQQGFSFHLLFSGIYLITFFGGFPFSMTMAELFEYRLPVVSMLWNVLAIALGGYLIYYVSYLYIGRNKQVPRYAVEVKSLANLTAWILMMIAILSLLGFMLLNQGLLLFKLEKYSHIFSAQVSGVTLKRFFYFLLPALLIWFFLKPTKESWWLFLVAGMTFGVLSYLAVGGTRANLALAFVMFMLLGYLQRFLSFKWLVRGGLLTVIAMFLLALWRYRLNVQGSEAFYTFLYLTRDTFSPWENVAKIMDAEIEFQGLMPIVRDFYVYIPQSLWEERPDIVWNTANYFTKSVLGNFSGLAMSPTLLGSFYIMGGMPMIAIGMAVVGGLIRIFDNFFAYGKNSAVIQSYCLANLFNLIVLIREGIDAFISRFCFFSVIFVFAYIVAYLINRVREGYE							False		False							
CMX58981.1	19F	1313		Firmicutes	Bacilli	Lactobacillales	Streptococcaceae	Streptococcus	Streptococcus pneumoniae	MSYLFLLCLTLFLLTIFYFFAFIQDLIAPPVVMSVMFLISSVFALVNSKNWNIEYSGIAYILIISGIIIFSIPLMALKSPNFNTEVKIADRLIDIQFWKIALTIIIDLFILYLYRKEIYNLVLSNGYTGSNIQWFFRNATSYEGELTVRTFIRVLIRVIDVSAYIFGYTFINNFLIYRHKRPKDILLLVPLLIFISKTLISGGRQDIIKILIAYVIMMYIQQKRKVGWNRVISHKYIHLGFVGLIAGIPAFYYSLFLAGRSTTRTLFXXXXXXXXXLFESVSTYLGGSIQHFNQYIENPLDPGEVFGSETLVPILNILGEMGLVNYRSTIHLEFRTLGVTVGNVYTFFRRPLHDFGLVGMYVFVFAVGAFFAIYYLVLRKKQVGFNLDIHTIIYSYVFYWIFLSSIEQYSFTMISLYTLVFIVLVYFMAIFYWCTDFKRGKLIFKISDSSIKLKEE							False		False	739	-4)[Ac(1-2)]bDManpN(1-4)aDGlcp(1-2)aLRhap(1-P-	"RES
1r:r1
REP
REP1:5o(4+1)2n=-1--1
RES
2s:phosphate
3b:a-lman-HEX-1:5|6:d
4b:a-dglc-HEX-1:5
5b:b-dman-HEX-1:5
6s:n-acetyl
LIN
1:2n(1+1)3o
2:3o(2+1)4d
3:4o(4+1)5d
4:5d(2+1)6n"	5439	10.1016/j.carres.2018.12.009	30605786	1313
CNU17804.1	Bovismorbificans	58097		Proteobacteria	Gammaproteobacteria	Enterobacterales	Enterobacteriaceae	Salmonella	Salmonella enterica	MSLMQFSGLLVVWLLSTLFIATLTWFEFRRVRFNFNVFFSLLFLLTFFFGFPLTSVLVFRFDVGVAPPEILLQALLSAACFYGVYYVTYKTRLRKRVVDVPRKPXXXXXXXXXXXXRVETHLTWVILMGIALVSVAIFFMHNGFLLFRLHSYSQIFSSEVSGVALKRFFYFFIPAMLVVYFLRQDSKAWLFFLVSTVAFGLLTYMIVGGTRANIIIAFAIFLFIGIIRGWISLWMLAAAGVLGIVGMFWLALKRYGLNVSGDEAFYTFLYLTRDTFSPWENLALLLQNYHNIDFQGLAPIVRDFYVFIPTWLWPGRPSIVLNSANYFTWEVLNNHSGLAISPTLIGSLVVMGGALFIPLGAIVVGLIIKWFDWLYELGNREPNRYKAAILHSFCFGAIFNMIVLAREGLDSFVSRVVFFLVVFGASLLVAKLLFWLFDSAGLIHKRTTSLPQAQVEGKL							False		False							
VEB45882.1	Havana	179997		Proteobacteria	Gammaproteobacteria	Enterobacterales	Enterobacteriaceae	Salmonella	Salmonella enterica	MREIIIPKNDDFRTVFNPVILITVSVVLNTIFQIKTSEEVWNSFNIFNFNPDNNVLIITLFFFFFFLIGAFSSYCFLYNKINFPPRNEYIIYNFKKYDVFFKVILLMNVITFLITQYFMGNANIINIYILGGVNAQLIESKIASSPLGIHGISLLLGYFGILMYGMARLLNDKRPIVLISLIIIIIKFISYAKLQSLLYVFLGLMLYSPKKISFTKGSCVAIFTIILFSVTRIIRNPDQDLSFNFEFILRFIGGFYFGSPIVNFSYIVQNNISDIFYFFNWFLPQKIIPASTISLYFPDSTSPIGLVGSSYVSLGFFSFVYAFFIGFIAQYIFPEKK							False		False							
VNC99741.1	19F	1313		Firmicutes	Bacilli	Lactobacillales	Streptococcaceae	Streptococcus	Streptococcus pneumoniae	MSYLFLLCLTLFLLTIFYFFAFIQDLIAPPVVMSVMFLISSVFALINSKNWNIEYSGIAYILIISGIIVFSIPLMALKSPNFNTEVKIADRLIDIQFWKIALTIIIDLFILYLYRKEIYNLVLSNGYTGSNIQWFFRNATSYEGELTVRTFIRVLIRVIDVSAYIFGYSFINNFLIYRHKRPKDILLLVPLLIFISKTLISGGRQDIIKIVIAYVIMMYIQQKRKVGWDRVISHKYIHLGFVGLLAGIPAFYYSLFLAGRSTTRTLFESVSTYLGGSIQHFNQYIENPLDPGEVFGSETLVPILNILGEMGLVNYRSTIHLEFRTLGVTVGNVYTFFRRPLHDFGLVGMYVFVFAVGAFFAIYYLVLRKKQVGFNLDIHTIIYSYVFYWIFLSSIEQYSFTMISLYTLVFIVLVYFMAIFYWCTDFKRGKLIFKISDSSIKLKEE							False		False	739	-4)[Ac(1-2)]bDManpN(1-4)aDGlcp(1-2)aLRhap(1-P-	"RES
1r:r1
REP
REP1:5o(4+1)2n=-1--1
RES
2s:phosphate
3b:a-lman-HEX-1:5|6:d
4b:a-dglc-HEX-1:5
5b:b-dman-HEX-1:5
6s:n-acetyl
LIN
1:2n(1+1)3o
2:3o(2+1)4d
3:4o(4+1)5d
4:5d(2+1)6n"	5439	10.1016/j.carres.2018.12.009	30605786	1313
VJK41440.1	6C	1313		Firmicutes	Bacilli	Lactobacillales	Streptococcaceae	Streptococcus	Streptococcus pneumoniae	MLLNFLFISIFLLIIITFILFEGDFFQPAVILTLTYFISIASALVNRNVWGTELHFKTFGLILLGVATFIIVSLLTKLSYRPKVEGISYEELKEINPSKIIYVILLILNLVMLFLYTREIQKVVLFSGRSFSNITDLISNYRYLSYYSNEVEISGMINQLSKIIPATTLISLYIFINNYFITKQIKKNFIYLIPIAIFFVYAIISGGRLPLIRLVVGALLILYVYSVYGSPKSQLTKSFKMITRSLFAFLILIVLFFLLKFVLGRSSQEDFISYITRYMGGSIQLFDLFVIDPIRRNKELGAETFSGIYEMLAKLGFDNNIIKGLEWRVSPNYYSLGNVYTAIRRYYSDFGVIGIVICQSFTAWLYTLGYEKVRHYSLVTNVQRFRLILLAASFYPIFLNSIEDVFYISMVTIGYGIQIVIFYLVFWVLLKVQVDFNKGKLTINR							False		False	3661	-2)aDGlcp(1-3)aDGlcp(1-3)aLRhap(1-3)xDRib-ol(5-P-	"RES
1r:r1
REP
REP1:6o(2+1)2n=-1--1
RES
2s:phosphate
3b:o-drib-PEN-0:0|1:aldi
4b:a-lman-HEX-1:5|6:d
5b:a-dglc-HEX-1:5
6b:a-dglc-HEX-1:5
LIN
1:2n(1+5)3o
2:3o(3+1)4d
3:4o(3+1)5d
4:5o(3+1)6d"	5768	10.1128/mBio.00937-20	32430472	1313
VPT20589.1	12F	1313		Firmicutes	Bacilli	Lactobacillales	Streptococcaceae	Streptococcus	Streptococcus pneumoniae	MMKRIYYHLLAIWAWTLPNSYAFIDSLKVFFPNISLQIAGSLLAVVSIGIFITRIYYTRYEVFISLLVCISILIFYSTRFFYSTNVELYQSFFNSFLIRPVPAILVAMLLAKNNHIKGFIKWSEPMMLFYTLTSFLAALSPRNSIITYQSLSYYAMTAYMINVFNIIYKEKILEEQLTYFRFSAWNFIRYFLLLIQAFNALSGGGRGAFILLIIFTGILLIRTAMKFKFLFSFIGGLSAIALVVFFTKGLDLTWLLNMDGGERLLNFFGRPEHISTDNRLLIYDTVWSAIQEKPFLGWGVGSTFLKFNGYSHNIVLDLLHDMGSFGLLIILSAFFASSVILYKLRKIDWKVNLFILMFLEVYVHMSFSGSYLADGRLWFLVIFTYCYYRWKGQEKDEVSNFII							False		False	1955	-4)[aDGalp(1-3),Ac(1-2)]aLFucpN(1-3)[Ac(1-2)]bDGalpN(1-4)[aDGlcp(1-2)aDGlcp(1-3),Ac(1-2)]bDManpNA(1-	"RES
1r:r1
REP
REP1:8o(4+1)2d=-1--1
RES
2b:b-dman-HEX-1:5|6:a
3s:n-acetyl
4b:a-dglc-HEX-1:5
5b:b-dgal-HEX-1:5
6b:a-dglc-HEX-1:5
7s:n-acetyl
8b:a-lgal-HEX-1:5|6:d
9b:a-dgal-HEX-1:5
10s:n-acetyl
LIN
1:2d(2+1)3n
2:2o(3+1)4d
3:2o(4+1)5d
4:4o(2+1)6d
5:5d(2+1)7n
6:5o(3+1)8d
7:8o(3+1)9d
8:8d(2+1)10n"	5472	10.1016/j.carbpol.2019.03.070	31221321	1313
ACL31748.1	5	557723		Proteobacteria	Gammaproteobacteria	Pasteurellales	Pasteurellaceae	Glaesserella	Glaesserella parasuis	MVMGFYIFLIIATLLLSIFSKSENKKSFRQCYILLFILLVCWSILCRTYAIQQDILVYMEVMKYGVDSFFSSFYFLREPVYWVSSGVLYGFIKNEILVLVFCDIIAFTVLVLSCYHAKLKPYFVLLFFLFFPSVMGILNVYRQFLATIFLFCFFLLYKKNFRFSFNFMFILACFTHNMAGVFLPLLFLIKKRINIFLLIISSVVAIIVAVIFQDGKSTRGSGDVPSFLFLVVIFVVFFIFVLLNRSSFKEESLRFFYINLYVGMLAICSVFFLSDVAAKRILMVGMIFLLFSIYSSIEERIKKGKNRFLIRIFFVLISIAPTFLFSSVLEMLLIS							False		False							
CKI58892.1	NT	1313		Firmicutes	Bacilli	Lactobacillales	Streptococcaceae	Streptococcus	Streptococcus pneumoniae	MLSLYTGNGVTPVIVILFFLSALYSLYRKSKLSINLNFLFIYIFLAYYLLLTVIFTQDLLVMASKFILFPIFVYYIIPKNINGVIRILSIFKSFIGFTAIFGLYEYMQHFNLMVNFVKIDAVKWIQTMNLNSVYYPSSIFLHYTYFAYVLLLAFILVIVIPYKNRVLNLVYKTLIAISIFLPQSRIVWIAFGVILILSFILNRQGILTYRKLSVIVLILIIVVSLCLYFDVFAFISNYISLRFSSLYRYGLADGSLGQRIGTLRNWENYLDSDTIKAIIGSGFGGVNSYLSTYSFFNGYTTADSTVTSFLIDTGVIGLFIFLLSMFQILVIVVKGKGIFRELALYTIVASSIVSLTIDFWANYVILHIFYVVIICAFIGMRLTKQEK							False		False							
APZ56502.1	Bergen	1240708		Proteobacteria	Gammaproteobacteria	Enterobacterales	Enterobacteriaceae	Salmonella	Salmonella enterica	MIEGYVVYNSIFLLALLFGFMKNYCLRKYFLLCLFLVLWVPLATRYGIGRDYFSYVDIYKNVLVTRDGIEVGFYYLNYLLAYFGFHYQSIFILTSFITVYLSVKSFDREYTIVSIILFGVLVYLQAFSIVRQMLAVAVCLYSCSLWNKGVKIKAIIFLMLAPLFHYSAAIIFILAIISRYVKIDTFKCFAMLGLSLIFVFVFNGIDFIFSNPILLNSKYGYYVTSAFNRPTEIGSGIGVAIALFLPFLIFMKASKIYKYNKNYNLMLLINLVYVVSFVLSLKIYIFARFTDALSFVLILLIPAALKISNTRGLYYNCMLSVVILHIMLFEVNLKANTIAAGDMSNSGLGIMPYSNIINAHMLKY							False		False							
AXL96526.1	O38	126385		Proteobacteria	Gammaproteobacteria	Enterobacterales	Morganellaceae	Providencia	Providencia alcalifaciens	MEFYILFFAILITLTLISLVYKNFDYTCYIVSTFIAIFFIGGRLNVGADFIEYQHIYNYEEKINFDFLFEFFFKLFRWLGLSYPEASLSFFMLTLLFFHLAIKDNSCKTLSLFFFILYSIVSLTSTIRQGLSLPFYLLAFNYILNLRKYYFYSFIGTLFHVSSFIMLLIYPLKKIKISRPNFLFVILFSFLVGYFDLINVLIWFIDNTITFNNYHANKILTYSTRYNEPMSLISQLYRLGGVLFLFIFNNSLCKREDLNFCKNIYLMTFLFTLIFKDNGVLINRLSFSTNVSLLYIAFNYDYISKKKITKEIILLFFITYFSVNYFKFILTDLRYGIESAYLPYRNFIFDN							False		False	27606	-4)[xLAla?(2-8),Ac(1-2)]bXMurp(1-4)[Ac(1-2)]bDGlcpN(1-	"RES
1r:r1
REP
REP1:4o(4+1)2d=-1--1
RES
2b:b-dglc-HEX-1:5
3s:n-acetyl
4b:b-dglc-HEX-1:5
5s:(r)-carboxyethyl
6s:n-acetyl
7n:n1
LIN
1:2d(2+1)3n
2:2o(4+1)4d
3:4o(3+1)5n
4:4d(2+1)6n
5:4o(8+2)7n
NON
NON1
Parent:4
Linkage:o(8+2)n
SmallMolecule:SMILES [3CH3][2C@H](N)[1C](=O)O
Description:(L)-alanine"	4327	10.1007/978-3-7091-0733-1_3		126385
VIQ20135.1	17F	1313		Firmicutes	Bacilli	Lactobacillales	Streptococcaceae	Streptococcus	Streptococcus pneumoniae	MFRFQNGTVSINIRGFLMFIAMLIYCQPEYLKSIPAMGRIYRDFMYVGIMFVTFSYISKKRFPKFFVWLVLLYNSWLTFLTIQNNGDIKRAIFQLLLFTGFVSMIDIFSENMQDLIESLLFTFEMVVYLNFVTVLFFPDGFFHRVNDAYGITKEWFLGADNNFLFTLFPATLIALLYKNLGGVKIRAYSLISIILATQLIKGSGTAKVGIVALILFDLVPLVKYILTPYRGLVISSTLSFLIVVTGKVEFLRGIVEGILEKDLTFTSRTFIWDNAMSAIREKPFGYGMMMFTDNVHILGNFPGWIWKGATHAHNNFLQVLFQGGYLGFGVYFLIILKGAMLCRKYWDDRNARLLFYGLFIFTIISITENLEMQMMYLVIILPFLLPNILVKERGKNG							False		False	815	-3)bLRhap(1-4)bDGlcp(1-3)aDGalp(1-3)[bDGalp(1-4),80%Ac(1-2)]bLRhap(1-4)aLRhap(1-2)xDAra-ol(1-P-	"RES
1r:r1
REP
REP1:10o(3+1)2n=-1--1
RES
2s:phosphate
3b:o-dara-PEN-0:0|1:aldi
4b:a-lman-HEX-1:5|6:d
5b:b-lman-HEX-1:5|6:d
6b:b-dgal-HEX-1:5
7s:acetyl
8b:a-dgal-HEX-1:5
9b:b-dglc-HEX-1:5
10b:b-lman-HEX-1:5|6:d
LIN
1:2n(1+1)3o
2:3o(2+1)4d
3:4o(4+1)5d
4:5o(4+1)6d
5:5o(2+1)7n
6:5o(3+1)8d
7:8o(3+1)9d
8:9o(4+1)10d"	702	10.1016/S0008-6215(99)00331-6	10795810	1313
VOC17485.1	23F	1313		Firmicutes	Bacilli	Lactobacillales	Streptococcaceae	Streptococcus	Streptococcus pneumoniae	MTIKINNLFFVCLSFFGIVLSSSQVIVNLGLSSIIQYISYFMLMLCVFLTLIKSTFNVFANRIIYFLIISFLFIIGINLQNLPLSRKIYLSFSMLIISSLSTLPIKLINNLSDLRRISYYLLHSIFLSVFLGLVFKISLVTVAVEGIGFSYGFNGGLTHKNFYAITILVSYILLYVSRKYDAKHQIDSFVLWLDLFLLLISNTRTVYIILVVFWIIINRNFINNIKKEHRLVVTATIIVISLLALTFFFKHITNNSESYSHRVLGVVNFFKYYESDRIHLFFGDAELAFGNTTKGYGHNIRSVLGWDGTVEMPLLSVMIKNGYVGLVGYIIVLFKFISSIISVKNSTKKNIGLSIFIPLLLSATVENYIVNISFVFMPVCFCILCSIKNIKLVNNRK							False		False	1964	-4)bDGlcp(1-4)[x?Gro(2-P-3),aLRhap(1-2)]bDGalp(1-4)bLRhap(1-	"RES
1r:r1
REP
REP1:5o(4+1)2d=-1--1
RES
2b:b-lman-HEX-1:5|6:d
3b:b-dgal-HEX-1:5
4b:a-lman-HEX-1:5|6:d
5b:b-dglc-HEX-1:5
6s:phosphate
7b:o-xgro-TRI-0:0|1:aldi
LIN
1:2o(4+1)3d
2:3o(2+1)4d
3:3o(4+1)5d
4:3o(3+1)6n
5:6n(1+2)7o"	5472	10.1016/j.carbpol.2019.03.070	31221321	(216600)
EPZ98696.1	13	1275967		Proteobacteria	Gammaproteobacteria	Pasteurellales	Pasteurellaceae	Glaesserella	Glaesserella parasuis	MSVFINLFYIYDPWLFHFFRMAFFCGGIAMLYLLYQIYRKQRLQGITLPLDSFVAIFILIIVAVIPMLSHGTKEFYAVGMYIKGLILFTCGVAIYNLCYYQKTNAKEMMVRDLKIGIIVQAVVGFTALAGIPFMIDLGISTNAVFPKFYGSEQEYRLYNLTSTVFFQLSLFYAFLLHFLLAYNAKYNNISPIFVFLLLCIGLISGRTFLFISAISFLVYFRWKYIPAILLFGAICLFLAFNFAENKYVQHALEPLINVIHGYGLVSFFFFVQNHLYIPELKQILIGDGRYFYPQGGYYGRTDSGFLRQTLYGGFIYLSVCFLFMCYFVRKVAINWFDGSWIFILSTLLILSILNVKADAYAFPGIMLVLLMFLSLFGNEGKNKILFLNNKTENV							False		False							
ESF77981.1	Soerenga	1124967		Proteobacteria	Gammaproteobacteria	Enterobacterales	Enterobacteriaceae	Salmonella	Salmonella enterica	MNRSVKLVCLFLLSFYALQLFGIATDIRIKDDNIRIITSSLILYQVIFILLFFIIYRKKRQEQTQYFIINTKIKVVFFLLFITVEIMAIILFAKEGIPIFDADPGGAKLKIADGNGIYIRYIKYFGNIVTFTLLLLLNKQKVKQKIIAIIYFLTIALFGYRSELVLLFLQYYIIMSIVNEGGNKYKFLNKIFIFIFMGGVIGSLFYFSLGQDGAVNNSTENIDRIINRLTIEQVESVPYIISESLEYDLFPTPELGKEINAIFNRILGEKDQNLFYGERLHKKVFGDMGANFLSVTTYGAELLAFFGPLCIFLIPIGLCIPFAMLKKISNTHSTVNGAIYSFLIMILLQYLIAGNASAFFFGPFITAIVMSIPLMILHDILKR							False		False							
AIG62720.1	O169	562		Proteobacteria	Gammaproteobacteria	Enterobacterales	Enterobacteriaceae	Escherichia	Escherichia coli	MIIITSFMVLLLLFTDNLKLKNFRIILFYFFSLCFSVLVYFRPEYMLNTDYKEYYNYFKWINFDNVYKLSDAIGFEYGFGYIVTLIKYFFESERACFSGIAFLSVFISYKAILRLNPKTTAFSFSLFLLSFCVYNFLGQIRQGISLSLGLLAISYLLEDKRKQFLLTVIIASSIHVTALILILAPFVKYFRIKYIFYSLLISFTFVFIDVIKPLIITLVQFIPFGSFITGKIIAYGNSEFSTKVGFSFIQVYYVLLSTVLYILEQKYEYKNNHILILCKIFMVGVILNFTFNSFSVLLRLTYYYLAFDCILLGYLLNMAKNGYTKILIYCPTLMLFILRFYMQWSEHING							False		False	1911	-3)[bDGlcp(1-6),bDGlcpA(1-4)]aDGalp(1-6)aDManp(1-2)aDManp(1-3)[Ac(1-2)]bDGalpN(1-	"RES
1r:r1
REP
REP1:6o(3+1)2d=-1--1
RES
2b:b-dgal-HEX-1:5
3s:n-acetyl
4b:a-dman-HEX-1:5
5b:a-dman-HEX-1:5
6b:a-dgal-HEX-1:5
7b:b-dglc-HEX-1:5|6:a
8b:b-dglc-HEX-1:5
LIN
1:2d(2+1)3n
2:2o(3+1)4d
3:4o(2+1)5d
4:5o(6+1)6d
5:6o(4+1)7d
6:6o(6+1)8d"	5471	10.1093/femsre/fuz028	31778182	562
CZE39046.1	5	1313		Firmicutes	Bacilli	Lactobacillales	Streptococcaceae	Streptococcus	Streptococcus pneumoniae	MIKRKIYIICVLLSYFLPSFFTVGSMATLFALLSTLVKLFVTFDYIPKVLLQHKVTLIDILVVLFLFFQAFAAFQSQTLYLNYVGGQFFLLGLYSFLKHFLLLDCKTTIKSLFLTFILFLCVQVITQLLFPVGFDSLHPTGDNRLYFLGRKNIATPYIIVGLGGFYLLNKKMNEFISLKEIIFLGLFGILSFLTQSSTAIICYGLFIFIRLLGLKENIGKLYSLVSMAVYVCFSLSIIFSQSTILSTFTAIFSKNATFSGRINIWQLAIRIFEENFWFGRGLDVNFNAWTNGIIVNSAHNTLLDILARTGIFPGVLFIVLLMNLFLGKYRIESKTLLAMLASFMIYITMETSSMXIYEHIAANYCSLCILATWRGEVA							False		False	1947	-4)bDGlcp(1-4)[Ac(1-2)aL6dTalpN(1-2)bDGlcpA(1-3),Ac(1-2)]aLFucpN(1-3)[Ac(1-2)]bD6dxylHexpN-4-ulo(1-	"RES
1r:r1
REP
REP1:5o(4+1)2d=-1--1
RES
2b:b-dxyl-HEX-1:5|4:keto|6:d
3s:n-acetyl
4b:a-lgal-HEX-1:5|6:d
5b:b-dglc-HEX-1:5
6s:n-acetyl
7b:b-dglc-HEX-1:5|6:a
8b:a-ltal-HEX-1:5|6:d
9s:n-acetyl
LIN
1:2d(2+1)3n
2:2o(3+1)4d
3:4o(4+1)5d
4:4d(2+1)6n
5:4o(3+1)7d
6:7o(2+1)8d
7:8d(2+1)9n"	5472	10.1016/j.carbpol.2019.03.070	31221321	1313
CZQ24278.1	K27	573		Proteobacteria	Gammaproteobacteria	Enterobacterales	Enterobacteriaceae	Klebsiella	Klebsiella pneumoniae	MQLRRESLLSLIVTFFSPLIGAVLSLLTYKRGHEKNLFVSLSLFAFAVTYFIPPLQDLYRRYTLNYLPYSENTTYIDAITGHVDILMYVVLLFFKKNNIPFFWAPALEAAFSVYLGLSAVNTAIKDKLYKNKQKAFVFLLSFLMINFVGIALGLRFGFAVSLFTYAAIKIIYKERVILSYLFLLLSVCTHFSMLIPVAVLIASMFYSVNKKITPVYCLLAYLAGTFVFFSLFNSIQLGNINDYAQAGYIDGKFANADTTGNAMIMSIFRFTFFFVLYVIYYFSNNTCISNCELRLEKFINLMLITCFLMTVSFSAFSRYMNGVLLYFVFVYIMARFFISYKKGAKIIIIFFIILNFALQYVYAQRRALVFGEMWRGLYTPVIYSLYYSNDDLKIYLKHIDADGDVSGYGYPSN							False		False	6079	-3)bDGlcp(1-3)?DGalp(1-3)[bDGlcpA(1-6),bDGlcp(1-4)]?DGalp(1-6)bDGlcp(1-	"RES
1r:r1
REP
REP1:7o(3+1)2d=-1--1
RES
2b:b-dglc-HEX-1:5
3b:x-dgal-HEX-1:5
4b:b-dglc-HEX-1:5
5b:b-dglc-HEX-1:5|6:a
6b:x-dgal-HEX-1:5
7b:b-dglc-HEX-1:5
LIN
1:2o(6+1)3d
2:3o(4+1)4d
3:3o(6+1)5d
4:3o(3+1)6d
5:6o(3+1)7d"	1306		12196537	573
SUF21761.1	21 : 17, 20	28901		Proteobacteria	Gammaproteobacteria	Enterobacterales	Enterobacteriaceae	Salmonella	Salmonella enterica	MQILKAKESNKQSVLFICMLLFFYLLIFVLFLLDESLFSFIFFIEALLVLLCCLFVVFSEKKNGFLNPLSFFIISTFFFIIVRPIFYSLSIDENVNEVITAGYSVDKNYLFYSLFVVNICLALTIFSCLLLRPLCKSLAVNIYDLYFYNGNVSRLFMLLGVIFTGVFLIKSYSKFILLGDVSVFEVDKYGLHDDLYWFTFAKYSYIVSLLFAKRKGFIFYSLLIFLASIGYIMVGLRGYTISYAFLLLFFLDLRYKLKFRYLLVFAILVAIVSSLILNYRIGIEVNHGFWEMIFNPLLQQGASFETVYGVLKYHSSVLNCISYYDYFFSIKDIGSCIDSARGIYFAEGGSFATSFYSELIYFGWFIGGIALLLFSFSLSFIQSCYDCIVKNKRISASYTYRLILFLTLPNLIYFARSSLFDFSIKLVFVLFFIILLWFMKKTLVNAN							False		False							
AXY99492.1	O17	585		Proteobacteria	Gammaproteobacteria	Enterobacterales	Morganellaceae	Proteus	Proteus vulgaris	MNYNEFLDIYFSNLSLFLTCGFISIILCFYSVNFISIAGITDPIHFFWTYTLGTTYSIIIGLFILGYISNDIIILIGISIVSLLLSIYIGYAFKINLLKHPINFIIEYNNGYRLFKILLFLMCAFYTVIIYKVGFSIFSEVNRFEQNKGIGPLVRVVDAIRPFVLSYMAIYIGVYTKGYKKIIYNSILISLIIVSSLSNGAKFALLEIVYAISACFILYRGHRLKVSMKRLIKIFSIFLVVFSFALIATNYAIKAKGENMKPQFLPENTPIAIEKIYLRTLSNGDQAYLGLPNEIINKIPTGNIIYNFTSSMIGKEKFKNIFGINDNLNNVGQKILLFHFPDYDQAGGPVSHFDLYFYHYLPIGLNYIAIFVLGLVLVSIVNCKVLAKGNIFISALISTLWIRGLVMILEPAMGFVYILDFLFIIFFITLITIILPKKRKKDFINVK							False		False	5227	-3)[xXEtN(1-60%P-6),Ac(1-2)]aDGlcpN(1-2)[lR3HOBut(1-3)]bDFucp3N(1-6)aDGlcp(1-4)bDGlcpA(1-	"RES
1r:r1
REP
REP1:7o(3+1)2d=-1--1
RES
2b:b-dglc-HEX-1:5|6:a
3b:a-dglc-HEX-1:5
4b:b-dgal-HEX-1:5|6:d
5s:amino
6n:n1
7b:a-dglc-HEX-1:5
8s:n-acetyl
9s:phospho-ethanolamine
LIN
1:2o(4+1)3d
2:3o(6+1)4d
3:4d(3+1)5n
4:4o(3+1)6n
5:4o(2+1)7d
6:7d(2+1)8n
7:7o(6+1)9n
NON
NON1
Parent:4
Linkage:o(3+1)n
SmallMolecule:SMILES [4CH3][3C@@H](O)[2CH2][1C](=O)O
Description:(R)-3-hydroxybutanoic acid"	115		11952425	585
VOG14504.1	18F	1313		Firmicutes	Bacilli	Lactobacillales	Streptococcaceae	Streptococcus	Streptococcus pneumoniae	MKFKFNPIAILYILLVYLELATDRQHLYPVTYMTKYYIGILIIVLFVLLLVGRGKLIFVNKKLLYLAKILAIPTIVLFLYSVLLDVMNPVEFNGYFSRLSSTTIFGLLAIFQAIVVFQFFGQKVVDYTFTAISLSYLTSIIVAFRQGGLSQFILILTDDSFNGSVLEMHEVAPITALFILYYLYKYFIKENSFSSVFHNILIALIILFLSLKRIVFLSVLIIIPVFLVIYWYDKKVSKLGKERKILSLLNIFSLIFITGIFLYVYSVKSDFIYTFIQEHNINSMARTDLWKGVESTYNFAPIFMGRGIGFVTKWMDNNWMTLNINGLTGSMGIHNDILKYYIEIGFVGLFIYFYTLLYRNAKRIFVKIGHKESFIYFVLIMFQMLIWFTDNISIYHNFLWILNLLLFSLTNSDTELENLDFKNLDFKNF							False		False	7071	-4)bDGlcp(1-4)[x?Gro(1-P-3),Ac(1-6)aDGlcp(1-2)]bDGalp(1-4)aDGlcp(1-3)[Ac(1-2)]bLRhap(1-	"RES
1r:r1
REP
REP1:6o(4+1)2d=-1--1
RES
2b:b-lman-HEX-1:5|6:d
3s:acetyl
4b:a-dglc-HEX-1:5
5b:b-dgal-HEX-1:5
6b:b-dglc-HEX-1:5
7s:phosphate
8b:a-dglc-HEX-1:5
9b:o-xgro-TRI-0:0|1:aldi
10s:acetyl
LIN
1:2o(2+1)3n
2:2o(3+1)4d
3:4o(4+1)5d
4:5o(4+1)6d
5:5o(3+1)7n
6:5o(2+1)8d
7:7n(1+1)9o
8:8o(6+1)10n"	5790	10.1016/B978-0-12-819475-1.00005-5		1313
VMG48693.1	34	1313		Firmicutes	Bacilli	Lactobacillales	Streptococcaceae	Streptococcus	Streptococcus pneumoniae	MLYILFYLLLLFFIINYAFVRGDYFHPTIIFNFTFLIATLFCILNAQEYAIEFNGGTVFIVTISMLVFTIITVLSKKIFKTNTFTFKNKLKYLYVSKSLIFTIIIIQILNLIFFYRYEQALFSAYVGGRGSFSQIINNYDQLVKFFTEDLVGLGVRSPFFYRVFNSFISPISYVIIYIICHNYVATRRIDKFQLLVPCLFAIQIFMTGSRGSLFKILTFILVVFYILLLRNKGLSKLSSRFAFKVLIVVVAVAPLFVLYLNATGRSGGVGQDGIIEALNRELFKYIGAPLLNFNNFIAGHDPYRSDSVYWGEQTFYGFYKFLYSKLHLIDFNIKSIIGSDSFVKSTNGLPTGNVFTTFYTFFYDFTYFGIIPLVSVIALYFVPTYSRILGTEYCAKKYLFDYKLFIYAYLFNDIIMLIFSNRFFESILTVGFLRFLITSAILVWIIKQNIVFKYKK							False		False	7043	-2)[%Ac(1-6)]bDGalf(1-3)aDGalp(1-2)xDRib-ol(5-P-3)bDGalf(1-3)aDGlcp(1-	"RES
1r:r1
REP
REP1:7o(2+1)2d=-1--1
RES
2b:a-dglc-HEX-1:5
3b:b-dgal-HEX-1:4
4s:phosphate
5b:o-drib-PEN-0:0|1:aldi
6b:a-dgal-HEX-1:5
7b:b-dgal-HEX-1:4
8s:acetyl
LIN
1:2o(3+1)3d
2:3o(3+1)4n
3:4n(1+5)5o
4:5o(2+1)6d
5:6o(3+1)7d
6:7o(6+1)8n"	5790	10.1016/B978-0-12-819475-1.00005-5		1313
VOS41126.1	19A	1313		Firmicutes	Bacilli	Lactobacillales	Streptococcaceae	Streptococcus	Streptococcus pneumoniae	MTYLFLLCLTLFLLTFFYFFAFNQDLIAPPVVMSVMFLISSVFALINVQNWNIEYSGLAYLLIISGIIVFSMPLLALNSPSLNTKIKVTDRLIDIQFWKIALTILVDLLILSLYRKEIYNLVLSSGYSGSNIQWFFRNSTSYEGELTVRTSIRFLIRIIDVSAYIFGYTFINNFIIYGHRRSKDLLLLAPFLIFISKTLLSGGRQDIIKILIAYVVIAYIQQKRKVGWDKVISHKYMRLGFVGLIAGIPAFYYSLFLAGRSTTRTIFESVSTYLGGPIQHFNQYVKNPVEAGEVFGSESLVPVLNLLGKLGLVNYNRTIHLEFRQLGITIGNVYTFFRRPWHDFGLVGMYIFSLAVGVFFAFYYLKLRKSQASFKLDIHTIIYSYFFYWIFLSSIDQYSFTTISLFTLVFIVLVYLMAFFYWNMDFHRGKLVIKLSDTSIKSEN							False		False	740	-4)[Ac(1-2)]bDManpN(1-4)aDGlcp(1-3)aLRhap(1-P-	"RES
1r:r1
REP
REP1:5o(4+1)2n=-1--1
RES
2s:phosphate
3b:a-lman-HEX-1:5|6:d
4b:a-dglc-HEX-1:5
5b:b-dman-HEX-1:5
6s:n-acetyl
LIN
1:2n(1+1)3o
2:3o(3+1)4d
3:4o(4+1)5d
4:5d(2+1)6n"	5439	10.1016/j.carres.2018.12.009	30605786	1313
QEH45435.1	a	714		Proteobacteria	Gammaproteobacteria	Pasteurellales	Pasteurellaceae	Aggregatibacter	Aggregatibacter actinomycetemcomitans	MTALFNLFYLYDPWFFHFLRMSLIAGLIALAVLAYRLVKKQQTNGIIVPLDSLAVLCGLILFSAIPLLINGTRDLSVIMMYVKGFVLFVLGIGIYNVFYADAQGQQRMVRDLQIGVVTQFVLGLLALFGVSFIIDFLLATNALLPARFYGSEQEYRLYNVTSAAFFQLSLFYLMLFHFLLAYNAKHNRIPSLIIFFMLCIGLISGRTFLLLSAVSILLYFKVRYIPVVISFAVLLLLLAYFLPDNKYVAHALEPVINLLHGAGLVSSSTDTLVEKHLFMPTLKQFISGDGLYMTGQTEVGRYYGHTDSGFLRQILYGGVTYALVCFLVTFYFVRKVAINWFNGSCKFILSALVILAACNVKADTFAFPGIMFVMLMFFSLFGSHGKQIVLFKLKEAK							False		False	27705	-3)[Ac(1-2)]aD6dTalp(1-2)aD6dTalp(1-	"RES
1r:r1
REP
REP1:3o(3+1)2d=-1--1
RES
2b:a-dtal-HEX-1:5|6:d
3b:a-dtal-HEX-1:5|6:d
4s:acetyl
LIN
1:2o(2+1)3d
2:3o(2+1)4n"	4327	10.1007/978-3-7091-0733-1_3		714
QHR93353.1	O26	550		Proteobacteria	Gammaproteobacteria	Enterobacterales	Enterobacteriaceae	Enterobacter	Enterobacter cloacae	MTVYILVGLISLISFSLTRQYENVSVNRLLCIVFILFTGLSYTNGWDWYGYKDYYEYIQDNGFEAVNGYNEYGIEYLYLVYLYLIGLVGFGFGFFIFLNSIIVNVLIYRTCKKTAINYGLFMFIYLAASYIRLELSTIRQGLAVALIMMTYASLLNEKKKTALIYIILAVAMHRSAIIVLVFLPLITSVKNRNIHYLIVLFALPFIFASSEINKLLLQVLGYLNSGFFAVYVSKLITYLSMNAQASVNPQALVVLLLYGVAIFYCDFRIKKQVLFLNIMACQVIISLYCTFLTQLIIMRVIYYFQIGWMCWLVILYTEYCKPKWLCFILIVFTMTVKLSLNFRYEPDRLVFFPYYNVVSSLVDDNYGRSQGYILDKADDLLQE							False		False							
AAG17411.1	O17	703		Proteobacteria	Gammaproteobacteria	Enterobacterales	Enterobacteriaceae	Plesiomonas	Plesiomonas shigelloides	MLIYLYPVLLLFNILPVFFYGQMNSDLERFFGVPIGYISDLIFYFFVALTSIITLRFHVSLWTKKLLFLGIIFLIYISIQMLLLSADISGVVILLSFFSNFIALVLLVSFCIGKDELYLTHSVRNINVVMCFGIICGVVKLFIGYSEDSNFIVYLNRNATAIIVVCFYCVYSYFYRGRKSWYVSSVLYSLFFLFLDSRAGIISFAISLFFVFLQLTKKEKLLISLFFVPLLTLGISFTDIGTRLERMLSSSQVIFSGGNTLTKSQNDYRRVELVFIGVDVLKENYLIGTGLGVANYVKAIDKKFLGSTNFGLAHNFYLSYSAQLGIIGFILLISVFYIMLSPIFKCGGYIGKGCVFALAFYVFFNEYILTPAIYIYISIFLSVVFIRNSRMRICC							False		False	22678	50%bDGlcp(1-2)[aDGalpN(1-4)aDGalpA(1-7)aXLDmanHepp(1-7),Ac(1-2)aLAltpNA(1-3)[Ac(1-2)]bDFucpN4N(1-4)[Ac(1-2)]bDGlcpN(1-6)aDGlcpN(1-4)aDGalpA(1-3)]aXLDmanHepp(1-3)[bDGalp(1-4)]aXLDmanHepp(1-5)?XKdo?	"RES
1b:x-dman-OCT-x:x|1:a|2:keto|3:d
2b:a-lgro-dman-HEP-1:5
3b:b-dgal-HEX-1:5
4b:a-lgro-dman-HEP-1:5
5b:b-dglc-HEX-1:5
6b:a-lgro-dman-HEP-1:5
7b:a-dgal-HEX-1:5|6:a
8b:a-dgal-HEX-1:5|6:a
9b:a-dglc-HEX-1:5
10s:amino
11b:a-dgal-HEX-1:5
12b:b-dglc-HEX-1:5
13s:n-acetyl
14s:amino
15b:b-dgal-HEX-1:5|6:d
16s:amino
17s:n-acetyl
18b:a-lalt-HEX-1:5|6:a
19s:n-acetyl
LIN
1:1o(5+1)2d
2:2o(4+1)3d
3:2o(3+1)4d
4:4o(2+1)5d
5:4o(7+1)6d
6:4o(3+1)7d
7:6o(7+1)8d
8:7o(4+1)9d
9:9d(2+1)10n
10:8o(4+1)11d
11:9o(6+1)12d
12:12d(2+1)13n
13:11d(2+1)14n
14:12o(4+1)15d
15:15d(4+1)16n
16:15d(2+1)17n
17:15o(3+1)18d
18:18d(2+1)19n"	3495		18954864	703
AAL57082.1	III	1311		Firmicutes	Bacilli	Lactobacillales	Streptococcaceae	Streptococcus	Streptococcus agalactiae	MRKYLDLDYSLFYALWVLILVPNQWYQFLIITIIVLLLLWKSEFRISISNSSILFLLWLFIYLFAILIRGTQEDITFQRFIAELLKLISTGYALFFYNYYRKADFNSSVVRNVVKVNYFVLFLITVLYLFFPMLKPTLFGRELFSIEWFPHMRIRLAAYFEYATLIGQFILFSYPTLFLKPQKRMENILISLLLTICSYFSGARILLVCMLVLLASLLLDYILFKTNLKLTKKNTFILGMTFLFITACFSYNIWSIIEKIIMYRNQSTITRMIVYQESIIEVLKGNILFGQGIRIPSSEGIFLGSHSTYISVFYRTSLLGIVLYFSAFILLYKEAISKNYKIYRLFFYTLLCYTLFEEIDPNHWSIVLLFSTFGIVGRAKK							False		False	6001	-4)bDGlcp(1-6)[Ac(1-5)aXNeup(2-3)bDGalp(1-4),Ac(1-2)]bDGlcpN(1-3)bDGalp(1-	"RES
1r:r1
REP
REP1:4o(4+1)2d=-1--1
RES
2b:b-dgal-HEX-1:5
3b:b-dglc-HEX-1:5
4b:b-dglc-HEX-1:5
5s:n-acetyl
6b:b-dgal-HEX-1:5
7b:a-dgro-dgal-NON-2:6|1:a|2:keto|3:d
8s:n-acetyl
LIN
1:2o(3+1)3d
2:3o(6+1)4d
3:3d(2+1)5n
4:3o(4+1)6d
5:6o(3+2)7d
6:7d(5+1)8n"	1286		10464185	(216495)
AGM38753.1	8	738		Proteobacteria	Gammaproteobacteria	Pasteurellales	Pasteurellaceae	Glaesserella	Glaesserella parasuis	MRLSRNHIGFICVTLSLMFHIFFVKFNFFPYYSLLPYILFGGVFFLLDISKGNNKYIYNIIFILILIMWGGISYIYNMEGDYYYLKEVIVISIFYFFSAIAIKRIFYFFNIRYTIENVLFYILFAWGGNIILSTIANIYPDILSLLLDFINIDGWDKQKTLYFANYRYIGVFQSFFGFGVINSFFLILFMWYIVRYSATRLRYIFIAVYLIFSVLGLMFSRTTIIGIVLSLLLAILNFKRKNILIILCFYILSATTILFGYSDLFSEKVMFGLEFLINYENSQAAGSMESLSSFWSILPTNMESWILGEGYFKNIDNFGSVLGYYKGTDVGFSRIIFANGVIGLVLLCGYIFFLFKMSFRGVLIPSLLFVCFLLLNVKGVALPYSFIYLFFIMDKESYNV							False		False							
KDB47380.1	4	1450514		Proteobacteria	Gammaproteobacteria	Pasteurellales	Pasteurellaceae	Glaesserella	Glaesserella parasuis	MMLAGLILFYVIAISVLVWIIQRDYRQQGFSFHLLFSGIYLITFFGGFPFSMTMAELFEYRLPAISMLWNILAIALGGYLIYYVSYLYIGRNKQIPRYAVEVKSLANLTAWILMTIAILSLLVFMLLNQGLLLFKLEKYSHIFSAQVSGVALKRFFYFFLPALLIWFFLKPTKESWWLFLVAGMTFGVLSYLAVGGTRANLALAFVMFMLLGYLRRFLSFKWLVRAGLLTVIAMFLLALWRYRLNVQGSEAFYTFLYLTRDTFSPWENVAKIMDAEIEFQGLMPIVRDFYVYIPQSLWEERPDIVWNTANYFTKSVLGNFSGLAMSPTLLGSFYIMGGIPMIAIGMAVVGGFIRIFDNFFAYGKNSAVIQSYCLANLFNLIVLIREGIDAFISRFCFFSVIFVFSYIVAYLINRVREGYE							False		False							
KDS03574.1	Heidelberg	1054953		Proteobacteria	Gammaproteobacteria	Enterobacterales	Enterobacteriaceae	Salmonella	Salmonella enterica	MSLMQFSGLLVVWLLSTLFIATLTWFEFRRVRFNFNVFFSLLFLFDLLFWFFRLTSVLVFRFDVGVAPPEILLQALLSAACFYGVYYVTYKTRLRKRVVDVPRKPLFTMNRVETHLTWVILMGIALVSVAIFFMHNGFLLFRLHSYSQIFSSEVSGVALKRFFYFFIPAMLVVYFLRQDSKAWLFFLVSTVAFGLLTYMIVGGTRANIIIAFAIFLFIGIIRGWISLWMLAAAGVLGIVGMFWLALKRYGLNVSGDEAFYTFLYLTRDTFSPWENLALLLQNYHNIDFQGLAPIVRDFYVFIPTWLWPGRPSIVLNSANYFTWEVLNNHSGLAISPTLIGSLVVMGGALFIPLGAIVVGLIIKWFDWLYELGNREPNRYKAAILHSFCFGAIFNMIVLAREGLDSFVSRVVFFLVVFGASLLVAKLLFWLFDSAGLIHKRTTSLPQAQVEGKL							False		False							
CIV98579.1	10B	1313		Firmicutes	Bacilli	Lactobacillales	Streptococcaceae	Streptococcus	Streptococcus pneumoniae	MVLLLLTFVFFLVFPVLSISLSVIGLVNDKKRSKIYLLLISFAISIVALRYIPHPMDDGAFHFRATTALIRYDSIFEMFKAFSNGWRVGNYDYGSIPIFTSLMYRHTKSHHYSLLSFISAFITYFSFGYVVVELFKDLGKVSKLSYATVLIAVLCLNNYRYTTSGMRFCMAVALMMLLLYLESKKGYTSLKTTIWYLLPVGIHSAVIYFIGLRFLFPLIKKVTLAKSLFVLLGFPVLFNLVPWLANLIGWTYLQSFIRKIEVYSDNSSYSQFFNTTLTMRLYVGIVLMVLFVLLYLGIVNSLKTTDDWRFSFVTMTYYVTLLSMGSIPFRNIYDRNLFLLLPMIVVSTYILFTYRHQLKILTNRNIVYGLTMGILCLSCAVGAFYNNNFPFAFIDFSKTDLLLKNIFQFFSNLPFT							False		False	7051	-4)[bDGalf(1-3),Ac(1-2)]bDGalpN(1-3)aDGalp(1-4)xDRib-ol(5-P-5)bDGalf(1-3)bDGalp(1-	"RES
1r:r1
REP
REP1:7o(4+1)2d=-1--1
RES
2b:b-dgal-HEX-1:5
3b:b-dgal-HEX-1:4
4s:phosphate
5b:o-drib-PEN-0:0|1:aldi
6b:a-dgal-HEX-1:5
7b:b-dgal-HEX-1:5
8b:b-dgal-HEX-1:4
9s:n-acetyl
LIN
1:2o(3+1)3d
2:3o(5+1)4n
3:4n(1+5)5o
4:5o(4+1)6d
5:6o(3+1)7d
6:7o(3+1)8d
7:7d(2+1)9n"	5790	10.1016/B978-0-12-819475-1.00005-5		1313
ODY15942.1	O11	670		Proteobacteria	Gammaproteobacteria	Vibrionales	Vibrionaceae	Vibrio	Vibrio parahaemolyticus	MNLALIGFIFCSFILARVNRVRYFAIQLWLVILFLLLISYYSLFLGNDPELISRFLVILFIMCASYHIKPDQNYIYIAAFCFFIQAMVVIVLQFLLNFYFSADYASTIRNLYILKGWGDVYNYGYGLWNVQLKGNALLPFFCFVSFLIFQGWRRIIITSVFAISCLFSGNFAFVLGFFSFFSLYTLIKVGRSMNKLRTFIVLCIATVLLSSSFVYKYITKVIEQKSGYSGQHRLEQTLALIGDMGDNYISAFFGKGLGNVNISGFGFEFHNTIYFELQTLYILNQLGVLFFIAFLFFNVFFTVKYIRYPVLIAVYISYVVYSFWNPYIFDTNHIVVIVVLVSLSHLMKNEKLGEVSVRHCYHPLQP							False		False							
ARD51912.1	O68	562		Proteobacteria	Gammaproteobacteria	Enterobacterales	Enterobacteriaceae	Escherichia	Escherichia coli	MIYILTLTLLLVIAIMFSLLGTKSRITSPLPLHFLPWLLTLIVGISNYDQFYEFNEKSFYSLLIWFTVIFIFYFIGELVNYKRENINVYYGLSHIEYECKKYWIIVIPISLYTIFEIYMVGMGGADGFFLNLRLANTLEGYTGKKFILMPAVYPLMMAMFAIVCLTKTSKLNKYSIYFWMLLYCIGTMGKFSILTPILTYLIIYDFKYRLKVKKTIKFTLLIIILALTLHFTRMAENDHSTFLSILGLYIYSPIIALGQLNEVNSSHFGVYTFRFIYAITNKIGLIKELPVNTILDYSYVPVPTNVYTVLQPFYQDFGYTGIIFGAVLYGLVYVSLYTAGVRGNNTQALLIYALFSVSSATAFFAETLVTNLAGNVKLVLCTILLWRFTVICKPVQ							False		False	1574	-6)[aLRhap(1-3)]aDManp(1-2)[aDGlcp(1-3)]aDManp(1-2)aDManp(1-2)bDManp(1-3)[Ac(1-2)]aDGlcpN(1-	"RES
1r:r1
REP
REP1:8o(6+1)2d=-1--1
RES
2b:a-dglc-HEX-1:5
3s:n-acetyl
4b:b-dman-HEX-1:5
5b:a-dman-HEX-1:5
6b:a-dman-HEX-1:5
7b:a-dglc-HEX-1:5
8b:a-dman-HEX-1:5
9b:a-lman-HEX-1:5|6:d
LIN
1:2d(2+1)3n
2:2o(3+1)4d
3:4o(2+1)5d
4:5o(2+1)6d
5:6o(3+1)7d
6:6o(2+1)8d
7:8o(3+1)9d"	5471	10.1093/femsre/fuz028	31778182	(2293846)
ATW46629.1	5	1117322		Proteobacteria	Gammaproteobacteria	Pasteurellales	Pasteurellaceae	Glaesserella	Glaesserella parasuis	MVMGFYIFLIIATLLLSIFSKSENKKSFRQCYILLFILLVCWSILCRTYAIQQDILVYMEVMKYGVDSFFSSFYFLREPVYWVSSGILYSFIKNEILVLVFCDIIAFTVLVLSCYHTKLKPYFVLLFFLFFPSVMGILNVYRQFLATIFLFCFFLLYKKNFRFSFNFMFILACFTHNMAGVFLPLLFLIKKRINIFLLIISSVVAIIVAVIFQDGKSTRGSGDVPSFLFLVVIFVVFFIFVLLNRFSFKEESLRFFYINLYVGMLAICSVFFLSDVAAKRILMVGMIFLLFSIYSSIEERIKEEKNRFLIRVFFVLISIAPTFLFSSVLEMLLIS							False		False							
VMO60215.1	23B	1313		Firmicutes	Bacilli	Lactobacillales	Streptococcaceae	Streptococcus	Streptococcus pneumoniae	MTIKINYMFFVCLSFFGIVLSSSQVIVNLGLSSIVQYIAYFLLLLCIFFTLIKNSPDVIANRIAYFSIISFLFIIGINLQNLPFSTKIYLSFSMLIISSLSTLPIKLINNINDFRRISYFLLNGILLSTFLGWLFNISLVTVAVEGIGFAYGFNGGLTHKNFYAITILVSYILLFISRKHGTKYQVDSLVLWFDLFLLLVSNTRTIYIILVVFWIVVHSGFIKYIKKNHRPVIITTWLVISLLSIIFFFKHIINNSESYTHRVLGIVNFFKYYESSKFHLFFGDAELAFGDMTKGYTHNIRSVLGWDGTVEMPLLSVMIKNGYVGLIGYGVVLFKFISSVLSMKDRRVKNIGLSILIPLLLSAMVENYIVNISFVFMPVCFCILCSIKNIEFKNN							False		False	7083	-4)bDGlcp(1-4)[x?Gro(2-P-3)]bDGalp(1-4)bLRhap(1-	"RES
1r:r1
REP
REP1:4o(4+1)2d=-1--1
RES
2b:b-lman-HEX-1:5|6:d
3b:b-dgal-HEX-1:5
4b:b-dglc-HEX-1:5
5s:phosphate
6b:o-xgro-TRI-0:0|1:aldi
LIN
1:2o(4+1)3d
2:3o(4+1)4d
3:3o(3+1)5n
4:5n(1+2)6o"	5790	10.1016/B978-0-12-819475-1.00005-5		1313
VIU37569.1	33D	1313		Firmicutes	Bacilli	Lactobacillales	Streptococcaceae	Streptococcus	Streptococcus pneumoniae	MSVRKLSLIDILDYMWIILIIVQCHSIYTVKSEPLNLIVPFLVTTAMLLLLNLLRFTLSIKYIYVLGLYFIAMVTFFLTNIGANVTPLNITKYFIILPLFFLINSIYVNKEIFSALLSKFVNVVVILAIFSLFFWIFGTLLNVVHPTSTVINQWSGGQLINSYYNLYFETQQMIFFGFRIIRNSGIFAESPIWGLILSIAYVIDFLILKFDKNSKRNIIILTMLSTISTTGIIIVGLAILYKIMTTSRWMTKLLLLPVTLSLGLSLLLLLAEKSETVSANLRVDDYNIGFIVWKTSLWIGHGLNNGILAIQSHISTFTRNLGYSNTLFVILAQGGLLLFLIYFSPMILLLFKKNINLDFKFAIILFFILVTTIIFEGTFLFLWILTLSYSYFSFVTLDKTGT							False		False	7094	-5)[Ac(1-2)]bDGalf(1-3)[Ac(1-2)]bDGalpN(1-3)[aDGalp(1-2)]aDGalp(1-4)xDRib-ol(5-P-2)aDGalp(1-3)bDGlcp(1-	"RES
1r:r1
REP
REP1:10o(5+1)2d=-1--1
RES
2b:b-dglc-HEX-1:5
3b:a-dgal-HEX-1:5
4s:phosphate
5b:o-drib-PEN-0:0|1:aldi
6b:a-dgal-HEX-1:5
7b:a-dgal-HEX-1:5
8b:b-dgal-HEX-1:5
9s:n-acetyl
10b:b-dgal-HEX-1:4
11s:acetyl
LIN
1:2o(3+1)3d
2:3o(2+1)4n
3:4n(1+5)5o
4:5o(4+1)6d
5:6o(2+1)7d
6:6o(3+1)8d
7:8d(2+1)9n
8:8o(3+1)10d
9:10o(2+1)11n"	5790	10.1016/B978-0-12-819475-1.00005-5		1313
VQD68897.1	15F	1313		Firmicutes	Bacilli	Lactobacillales	Streptococcaceae	Streptococcus	Streptococcus pneumoniae	MTKYINSCIKLLFIYSLFSELLYSYYSVSLLFTIPDLLLLAAAVIAFVDSYSAGKIRVKNPHISLMLFFILLIFLLISFTWGTLNIYGFVMRGRYILGAFLVYFMTNSYLDDRTFSSLINIAYFMQILNLLLVLHQNIVLHLPPDFTNGIFGFTDYANGIQGFYCLALSVLSTVYYLYGKWGTMKSLILIAISCIICALAEIKIFFVIFIFSIILIFIFQKSETVKKIRIISTAAGISLLFLIAYKLIEIVLPDNLYTFFNVTKALSYENRTEFAGRTNTISFLWDNLFYHDYISAIFGKGLGSYSVNYIYELGKMLADGGFISVILLYSFLLSLFIRGTITRGKNKQSERLIVSIIAFVVMISIIVWNSTFSRPTYLVFFFLAIGNAAYKSTKLIRRD							False		False	2972	-3)aDGalp(1-2)[xXCho(1-P-3)]bDGalp(1-4)[Ac(1-2)]bDGlcpN(1-3)bDGalp(1-4)bDGlcp(1-	"RES
1r:r1
REP
REP1:7o(3+1)2d=-1--1
RES
2b:b-dglc-HEX-1:5
3b:b-dgal-HEX-1:5
4b:b-dglc-HEX-1:5
5s:n-acetyl
6b:b-dgal-HEX-1:5
7b:a-dgal-HEX-1:5
8s:phosphate
9n:n1
LIN
1:2o(4+1)3d
2:3o(3+1)4d
3:4d(2+1)5n
4:4o(4+1)6d
5:6o(2+1)7d
6:6o(3+1)8n
7:8n(1+1)9n
NON
NON1
Parent:8
Linkage:n(1+1)n
SmallMolecule:SMILES C[N+](C)(C)[2CH2][1CH2]O
Description:choline"	882		9562629	1313
VRV52792.1	38	1313		Firmicutes	Bacilli	Lactobacillales	Streptococcaceae	Streptococcus	Streptococcus pneumoniae	MSEGCEKVKIQIDKIYYLFFWLVVSFGYFFMMPTFTEDLEGVVSASLVQLLLFIIGYVYVSYLNRSFISLYSIFMIVFYLFQNGQVLLYSLGVEYDYFYVLRYDETIVLQSVIFSTQCLIAAFMAGVFSTKKEVSKPLYSYMDQLEREKLITTGKLFWGAFAIFALPFMMMKLVITSTSGYFAMIRFVGSLPTITVLFEKMFIASSVFLIVYLKSEETWSKFLKVVILGWSIMAALTGDRTVGLAGIVTLALIQTLVGNRKKKIKFSQYALLVGAAVVVMYLMSFAFQFRMQQDSKVSGLQTAVVEMIGTLGFSFFPLVLTIRIVPTSINFFRGKSYIAAIITGLIPSNFDFLHLTNTLSEWNAYPTELLDTIYHYGFGLDYSLIAEAYINFGSYGWIAIFFLCSLIAYFVRDVDFKRKDNLFSQYASLILLYSWFTLPRRKSYFIFNNFFWYVLFFGLALILVSRSIKQRKEFKK							False		False							
ETC59777.1	Cerro	1410919		Proteobacteria	Gammaproteobacteria	Enterobacterales	Enterobacteriaceae	Salmonella	Salmonella enterica	MSALLIVIIAYFYIKRAYFFSLQLMYAYAFSLIIGIPSVYLLNFGEAKGGFELVCLWCILLNIILYFSACSSKVIEQKKTVNKIFVVIFFVVGFCQLVKTLLYFRFIIDSGLGHLAIYTEGEILTAQVPFVIRAISGLSLIMSLATFYFKAPRYLRWIGFILLASELLIGIRSKFFFSLICIIALSLYSNRHLIQSKFVKLSKIQYLLIGFILFSLISYFREGYEINFINYLVIVLDSLSSTLAGLQDVFLLPTAQGWDKIDAHVILTQILPISGFGFISDSQIYKQFSIIVLGDISSGIALSSSGILEATVLNIKFGFLFIYFIF							False		False							
