species_original	strain	protein_accession	dna_accession	linkage	serotype	serotype_edited	seq	pubmed	ISSN	genbank_taxon	CSDB_record_ID_forced	CPS	kingdom	phylum	class	order	family	genus	species	CSDB_record_ID	CSDB_Linear	glycoct	CSDB_nonpersistent_article_ID	doi	pmid	NCBI_TaxID	annotated	length	csdb_image_path
Salmonella enterica		AAO71288.1	AE014613.1		Typhi	Typhi	MLTTSLTLNKEKWKPIWNKALVFLFVATYFLDGITRYKHLIIILMVITAIYQVSRSPKSFPPLFKNSVFYSAAVLSLILVYSILISPDMKESFKEFENTVLEGFLLYTLLIPVLLKDETKETIAKIVLFSFLTSLGLRCLAESILYIEDYNKGIMPFISYAHRHMSDSMVFLFPALLNIWLFRKNSIKLVFLVLSAIYLFFILGTLSRGGWLAVLIVGVLWAILNRQWKLIGVGAILLAIIGALVITQHTNKPDPEHLLYKLQQTDSSYRYTNGTQGTAWILIQENPIKGYGYGNDVYDSVYNKRVVDYPTWTFKESIGPHNTILYIWFSAGILGLASLAYLYGAIIRETASSTFRKVEISPYNAHLLLFLSFVGFYIVRGNFEQVDIAQIGIITGFLLALRNR	23874940		209261	21859	0		Proteobacteria	Gammaproteobacteria	Enterobacterales	Enterobacteriaceae	Salmonella	Salmonella enterica	21859	-2)[aXTyvp(1-4)]aDManp(1-4)aLRhap(1-3)[aDGlcp(1-4)]aDGalp(1-	"RES
1r:r1
REP
REP1:5o(2+1)2d=-1--1
RES
2b:a-dgal-HEX-1:5
3b:a-dglc-HEX-1:5
4b:a-lman-HEX-1:5|6:d
5b:a-dman-HEX-1:5
6b:a-dara-HEX-1:5|3:d|6:d
LIN
1:2o(4+1)3d
2:2o(3+1)4d
3:4o(4+1)5d
4:5o(4+1)6d"	3364	10.1016/j.ijmm.2007.04.002	17544324	-90370	1	407	https://raw.githubusercontent.com/idameitil/wzy_polymerases/main/csdb/snfg/3/21859.gif
Salmonella enterica		AAV79366.1	CP000026.1		Paratyphi A	Paratyphi A	MLTTSLTLNKEKWKPIWNKALVFLFVATYFLDGITRYKHLIIILMVITAIYQVSRSPKSFPPLFKNSVFYSVAVLSLILVYSILISPDMKESFKEFENTVLEGFLLYTLLIPVLLKDETKETVAKIVLFSFLTSLGLRCLAESILYIEDYNKGIMPFISYAHRHMSDSMVFLFPALLNIWLFRKNAIKLVFLVLSAIYLFFILGTLSRGAWLAVLIVGVLWAILNRQWKLIGIGAILLAIIGALVITQHNNKPDPEHLLYKLQQTDSSYRYTNGTQGTAWILIQENPIKGYGYGNDVYDGVYNKRVVDYPTWTFKESIGPHNTILYIWFSAGILGLASLAYLYGAIIRETASSTFRKVEISPYNAHLLLFLSFVGFYIVRGNFEQVDIAQIGIITGFLLALRNR	23874940		295319		0		Proteobacteria	Gammaproteobacteria	Enterobacterales	Enterobacteriaceae	Salmonella	Salmonella enterica	7418	-2)[aXParp(1-3)]aDManp(1-4)[Ac(1-3)]aLRhap(1-3)[aDGlcp(1-6)]aDGalp(1-	"RES
1r:r1
REP
REP1:6o(2+1)2d=-1--1
RES
2b:a-dgal-HEX-1:5
3b:a-dglc-HEX-1:5
4b:a-lman-HEX-1:5|6:d
5s:acetyl
6b:a-dman-HEX-1:5
7b:a-drib-HEX-1:5|3:d|6:d
LIN
1:2o(6+1)3d
2:2o(3+1)4d
3:4o(3+1)5n
4:4o(4+1)6d
5:6o(3+1)7d"	295		10678970	28901	1	407	https://raw.githubusercontent.com/idameitil/wzy_polymerases/main/csdb/snfg/3/7418.gif
Salmonella enterica		ACF62503.1	CP001113.1		Newport	ssp. enterica sv. Newport	MLTTSLTLNKEKWKPIWNKALVFLFVATYFLDGITRYKHLIIILMVITAIYQVSRSPKSFPPLFKNSIFYSVAVLSLILVYSILISPDMKESFKEFENTVLEGFLLYTLLIPVLLKDETKETVAKVVLFSFLTSLGLRCLAESILYIEDYNKGIMPFMSYAHRHMSDSMVFLFPALLNIWLFRKNALKLVFLVLSAIYLFFILGTLSRGAWLAVLIVGALWAILNRQWKLIGVGAILLAIIGALVITQHNNQSDSEHLLYKLQQTDSSSRYTNGTQGTAWILIQENPIKGYGYGNDVYDGVYNKRVVDYPTWTFKESIGPHNTILYIWFSAGILGLASLAYLYGAIIRETASSTFRKVEISPYNAHLLLFLSFVGFYIVRGNFEQVDIAQTGIITGFLLALRNR	23874940		423368		0		Proteobacteria	Gammaproteobacteria	Enterobacterales	Enterobacteriaceae	Salmonella	Salmonella enterica	28331	-4)[aXAbep(1-3),Ac(1-2)]bLRhap(1-2)aDManp(1-2)[Ac(1-2)aDGlcp(1-3)]aDManp(1-3)bDGalp(1-	"RES
1r:r1
REP
REP1:7o(4+1)2d=-1--1
RES
2b:b-dgal-HEX-1:5
3b:a-dman-HEX-1:5
4b:a-dman-HEX-1:5
5b:a-dglc-HEX-1:5
6s:acetyl
7b:b-lman-HEX-1:5|6:d
8b:a-dxyl-HEX-1:5|3:d|6:d
9s:acetyl
LIN
1:2o(3+1)3d
2:3o(2+1)4d
3:3o(3+1)5d
4:5o(2+1)6n
5:4o(2+1)7d
6:7o(3+1)8d
7:7o(2+1)9n"	4290	10.1111/j.1574-6968.2011.02431.x	22092663	108619	1	399	https://raw.githubusercontent.com/idameitil/wzy_polymerases/main/csdb/snfg/3/28331.gif
Salmonella enterica		ACF69468.1	CP001120.1		Heidelberg	Heidelberg	MLTTSLTLNKEKWKPIWNKALVFLFVATYFLDGITRYKHLIIILMVITAIYQVSRSPKSFPPLFKNSVFYSVAVLSLILVYSILISPDMKESFKEFENTVLEGFLLYTLLIPVLLKDETKETVAKIVLFSFLTSLGLRCLAESILYIEDYNKGIMPFISYAHRHMSDSMVFLFPALLNIWLFRKNAIKLVFLVLSAIYLFFILGTLSRGAWLAVLIVGVLWAILNRQWKLIGVGAILLAIIGALVITQHNNKPDPEHLLYKLQQTDSSYRYTNGTQGTAWILIQENPIKGYGYGNDVYDGVYNKRVVDYPTWTFKESIGPHNTILYIWFSAGILGLASLVYLYGAIIRETASSTLRKVEISPYNAHLLLFLSFVGFYIVRGNFEQVDIAQIGIITGFLLALRNR	23874940		454169		0		Proteobacteria	Gammaproteobacteria	Enterobacterales	Enterobacteriaceae	Salmonella	Salmonella enterica								1	407	
Salmonella enterica		ACF92659.1	CP001127.1		Schwarzengrund	Schwarzengrund	MLTTSLTLNKEKWKPIWNKALVFLFVATYFLDGITRYKHLIIILMVITAIYQVSRSPKSFPPLFKNSLFYSIAVLSLILVYSILISPDMKGSFKEFENTVLEGFLLYTLLIPVLLKDETKETVSKIVLFSFLTSLGLRCLAESILYIEDYNKGIMPFISYAHRHMSDSMVFLFPALLNIWLFRKNAIKLVFLVLSAIYLFFILGTLSRGAWLAVLIVGVLWAILNRQWKLIGVGAILLAIIGALVITQHNNKPDPEHLLYKLQQTDSSYRYTNGTQGTAWILIQENPIKGYGYGNDVYDSVYNKRVVDYPTWTFKESIGPHNTILYIWFSAGILGLASLVYLYGAIIRETASSTFRKVEISPYNAHLLLFLSFIGFYIVRGNFEQVDIAQIGIITGFLLALRNR	23874940		439843		0		Proteobacteria	Gammaproteobacteria	Enterobacterales	Enterobacteriaceae	Salmonella	Salmonella enterica								1	391	
Salmonella enterica		CAR61594.1	FM200053.1		Paratyphi A	Paratyphi A	MLTTSLTLNKEKWKPIWNKALVFLFVATYFLDGITRYKHLIIILMVITAIYQVSRSPKSFPPLFKNSVFYSVAVLSLILVYSILISPDMKESFKEFENTVLEGFLLYTLLIPVLLKDETKETVAKIVLFSFLTSLGLRCLAESILYIEDYNKGIMPFISYAHRHMSDSMVFLFPALLNIWLFRKNAIKLVFLVLSAIYLFFILGTLSRGAWLAVLIVGVLWAILNRQWKLIGIGAILLAIIGALVITQHNNKPDPEHLLYKLQQTDSSYRYTNGTQGTAWILIQENPIKGYGYGNDVYDGVYNKRVVDYPTWTFKESIGPHNTILYIWFSAGILGLASLAYLYGAIIRETASSTFRKVEISPYNAHLLLFLSFVGFYIVRGNFEQVDIAQIGIITGFLLALRNR	23874940		554290		0		Proteobacteria	Gammaproteobacteria	Enterobacterales	Enterobacteriaceae	Salmonella	Salmonella enterica	7418	-2)[aXParp(1-3)]aDManp(1-4)[Ac(1-3)]aLRhap(1-3)[aDGlcp(1-6)]aDGalp(1-	"RES
1r:r1
REP
REP1:6o(2+1)2d=-1--1
RES
2b:a-dgal-HEX-1:5
3b:a-dglc-HEX-1:5
4b:a-lman-HEX-1:5|6:d
5s:acetyl
6b:a-dman-HEX-1:5
7b:a-drib-HEX-1:5|3:d|6:d
LIN
1:2o(6+1)3d
2:2o(3+1)4d
3:4o(3+1)5n
4:4o(4+1)6d
5:6o(3+1)7d"	295		10678970	28901	1	407	https://raw.githubusercontent.com/idameitil/wzy_polymerases/main/csdb/snfg/3/7418.gif
Salmonella enterica		ACH77456.1	CP001144.1		Dublin	Dublin	MLTTSLTLNKEKWKPIWNKALVFLFVATYFLDGITRYKHLIIILMVITAIYQVSRSPKSFPPLFKNSVFYSVAVLSLILVYSILISPDMKESFKEFENTVLEGFLLYTLLIPVLLKDETKETVAKIVLFSFLTSLGLRCLAESILYIEDYNKGIMPFISYAHRHMSDSMVFLFPALLNIWLFRKNAIKLVFLVLSAIYLFFILGTLSRGAWLAVLIVGVLWAILNRQWKLIGVGAILLAIIGALVITQHNNKPDPEHLLYKLQQTDSSYRYTNGTQGTAWILIQENPIKGYGYGNDVYDGVYNKRVVDYPTWTFKESIGPHNTILYIWFSAGILGLASLAYLYGAIIRETASSTFRKVEISPYNAHLLLFLSFVGFYIVRGNFEQVDIAQIGIITGFLLALRNR	23874940		439851		0		Proteobacteria	Gammaproteobacteria	Enterobacterales	Enterobacteriaceae	Salmonella	Salmonella enterica								1	407	
Salmonella enterica		CAR39498.1	AM933173.1		Gallinarum	Gallinarum bv. Pullorum 11	MLTTSLTLNKEKWKPIWNKALVFLFVATYFLDGITRYKHLIIILMVITAIYQVSRSPKSFPPLFKNSVFYSVAVLSLILVYSILISPDMKESFKEFENTVLEGFLLYTLLIPVLLKDETKETVAKIVLFSFLTSLGLRCLAESILYIEDYNKGIMPFISYAHRHMSDSMVFLFPALLNIWLFRKNAIKLVFLVLSAIYLFFILGTLSRGAWLAVLIVGVLWAILNRQWKLIGVGAILLAIIGALVITQHNNKPDPEHLLYKLQQTDSSYRYTNGTQGTAWILIQENPIKGYGYGNDVYDGVYNKRVVDYPTWTFKESIGPHNTILYIWFSAGILGLASLAYLYGAIIRETASSTFRKVEISPYNAHLLLFLSFVGFYIVRGNFEQVDIAQIGIITGFLLALRNR	23874940		550538		0		Proteobacteria	Gammaproteobacteria	Enterobacterales	Enterobacteriaceae	Salmonella	Salmonella enterica	30403	-2)[aXTyvp(1-3)]aDManp(1-4)aLRhap(1-3)aDGalp(1-	"RES
1r:r1
REP
REP1:4o(2+1)2d=-1--1
RES
2b:a-dgal-HEX-1:5
3b:a-lman-HEX-1:5|6:d
4b:a-dman-HEX-1:5
5b:a-dara-HEX-1:5|3:d|6:d
LIN
1:2o(3+1)3d
2:3o(4+1)4d
3:4o(3+1)5d"	4695	10.1111/1574-6976.12034	23848592	594	1	407	https://raw.githubusercontent.com/idameitil/wzy_polymerases/main/csdb/snfg/3/30403.gif
Escherichia coli		CAR10296.1	CU928162.2		O81	O81	MTSTLFFSFEKKNWIAYWNRALVFLFITTYFLGGITRYKHLIVILMTITTIVYLCKRPKHYLSLFKTFLFGSVAILTIAALLSLVQSPDAGAGMKEIFKAIIENTLLCTIAIPVILRDEKREDIEKIVFFSFISALGLRCFSELIAYYKDYQQGIMPFADYRHRSISDSMVFLFPALLNLWLIKSAKYRISFAVLSAIFIFLILGTLSRGAWLSVLVIGLIWILMFKQWKLLLVGVMVSIIALSVIFTHKEMTAKLTYKLQQTNSSYRYANGTQGSALDLILENPVIGYGYGNVAYKDVYNKRVIDYPQWTFRQSIGPHNFALFIWFGTGLLGLVSLMMLYCAILKECIKNVVQNKYRSPYNAYYIILLSFIGYFVIRGNVEQIEPNLLGVYAGLLLAMKNK	25972421		562		0		Proteobacteria	Gammaproteobacteria	Enterobacterales	Enterobacteriaceae	Escherichia	Escherichia coli	1587	-6)[Ac(1-2)]bDGalpN(1-4)[xDGro(1-P-3),Ac(1-2)]bDGalpN(1-4)[aDGalp(1-6)]bDGlcp(1-3)[Ac(1-2)]bDGalpN(1-	"RES
1r:r1
REP
REP1:9o(6+1)2d=-1--1
RES
2b:b-dgal-HEX-1:5
3s:n-acetyl
4b:b-dglc-HEX-1:5
5b:a-dgal-HEX-1:5
6b:b-dgal-HEX-1:5
7s:n-acetyl
8s:phosphate
9b:b-dgal-HEX-1:5
10b:o-dgro-TRI-0:0|1:aldi
11s:n-acetyl
LIN
1:2d(2+1)3n
2:2o(3+1)4d
3:4o(6+1)5d
4:4o(4+1)6d
5:6d(2+1)7n
6:6o(3+1)8n
7:6o(4+1)9d
8:8n(1+1)10o
9:9d(2+1)11n"	5471	10.1093/femsre/fuz028	31778182	562	1	409	https://raw.githubusercontent.com/idameitil/wzy_polymerases/main/csdb/snfg/3/1587.gif
Escherichia coli		BAI33254.1	AP010958.1		O103	O103	MTSTLFFSLKKKNWIAYWNRALVFLFITTYFLGGITRYKHLIVILMTITTIVYLCKRPKHYLSLFKTFLFGSVAILTIAALLSLLQSPDAGASMKEIFKAIIENTLLCTIAIPIILRDEKREDVEKIVFFSFISALGLRCFSELIIYYKDYQQGIMPFADYRHRSISDSMVFLFPALLNLWLIKSAKYRISFVVLSVIFIFLILGTLSRGAWLSVLVIGLIWILMFKQWKLLLVGVMVAIIALSVIFTHKEMTAKLTYKLQQTNSSYRYANGTQGSALDLILENPVIGYGYGNVAYKDVYNKRVIDYPEWTFRQSIGPHNFALFIWFGTGLLGLVSLMMLYCAILKECIKNGVKNKYRSPYNAYYIILLSFIGYFVIRGNVEQIEPNLLGVYAGLLLAMKNK	25972421		585395		0		Proteobacteria	Gammaproteobacteria	Enterobacterales	Enterobacteriaceae	Escherichia	Escherichia coli	1842	-2)bDGlcp(1-2)[lR3HOBut(1-3)]bDFucp3N(1-6)[Ac(1-2)]aDGlcpN(1-4)[Ac(1-2)]aDGalpN(1-3)[Ac(1-2)]bDGlcpN(1-	"RES
1r:r1
REP
REP1:9o(2+1)2d=-1--1
RES
2b:b-dglc-HEX-1:5
3s:n-acetyl
4b:a-dgal-HEX-1:5
5s:n-acetyl
6b:a-dglc-HEX-1:5
7s:n-acetyl
8b:b-dgal-HEX-1:5|6:d
9b:b-dglc-HEX-1:5
10s:amino
11n:n1
LIN
1:2d(2+1)3n
2:2o(3+1)4d
3:4d(2+1)5n
4:4o(4+1)6d
5:6d(2+1)7n
6:6o(6+1)8d
7:8o(2+1)9d
8:8d(3+1)10n
9:8o(3+1)11n
NON
NON1
Parent:8
Linkage:o(3+1)n
SmallMolecule:SMILES [4CH3][3C@@H](O)[2CH2][1C](=O)O
Description:(R)-3-hydroxybutanoic acid"	5471	10.1093/femsre/fuz028	31778182	-1055536	1	382	https://raw.githubusercontent.com/idameitil/wzy_polymerases/main/csdb/snfg/3/1842.gif
Salmonella enterica		AAL22572.1	AE006468.2		Typhimurium	O4 (B) Typhimurium	MLTTSLTLNKEKWKPIWNKALVFLFVATYFLDGITRYKHLIIILMVITAIYQVSRSPKSFPPLFKNSVFYSVAVLSLILVYSILISPDMKESFKEFENTVLEGFLLYTLLIPVLLKDETKETVAKIVLFSFLTSLGLRCLAESILYIEDYNKGIMPFISYAHRHMSDSMVFLFPALLNIWLFRKNAIKLVFLVLSAIYLFFILGTLSRGAWLAVLIVGVLWAILNRQWKLIGVGAILLAIIGALVITQHNNKPDPEHLLYKLQQTDSSYRYTNGTQGTAWILIQENPIKGYGYGNDVYDGVYNKRVVDYPTWTFKESIGPHNTILYIWFSAGILGLASLVYLYGAIIRETASSTLRKVEISPYNAHLLLFLSFVGFYIVRGNFEQVDIAQIGIITGFLLALRNR	23874940		99287		0		Proteobacteria	Gammaproteobacteria	Enterobacterales	Enterobacteriaceae	Salmonella	Salmonella enterica	30397	-2)[Ac(1-2)aXAbep(1-3)]aDManp(1-4)aLRhap(1-3)[aDGlcp(1-4)]aDGalp(1-	"RES
1r:r1
REP
REP1:5o(2+1)2d=-1--1
RES
2b:a-dgal-HEX-1:5
3b:a-dglc-HEX-1:5
4b:a-lman-HEX-1:5|6:d
5b:a-dman-HEX-1:5
6b:a-dxyl-HEX-1:5|3:d|6:d
7s:acetyl
LIN
1:2o(4+1)3d
2:2o(3+1)4d
3:4o(4+1)5d
4:5o(3+1)6d
5:6o(2+1)7n"	4695	10.1111/1574-6976.12034	23848592	90371	1	407	https://raw.githubusercontent.com/idameitil/wzy_polymerases/main/csdb/snfg/3/30397.gif
Cupriavidus metallidurans		WP_011517284.1					MTDSNKLLSRMATVLVFAFPVLILCVPRGAGVFLAGVGVLALLGWRGMGRAWREYSKVMTPLAIAVLAFMLVYVGSKLYFHTPWNVIDNPSRTLLAILTCWVIVRAAPNPAWLWRGITVGLFLALLIVGYQKFALNIDRPSAWIQAIAFANMIAALALVGFARPGDSRGTHMEAWVNLLLGTMILMLNGTRGAVVAMLVTSVPMLMIRYRRFSVRMLIVAVCAVATLAIGAYMVPDSPVSKRVDDAVSEIQMYRQGNIETSVGVRLKIWHIGLQYFSEHPWTGVGVGQFARILHASEFCHETKSLACVLEHAHNDIVEAASTTGIPGLMVMLGLFLVPAVLFARALRAARSLGNPQGVSLGGAGLGVVMASLISGLTQVTMAHQANVVFYAGLIGLLLGMAGREAHSARTDAV	_35388216																					